approval_period,employee_id,employee_name,department,expected_hours,submitted_hours,client_project_hours,billable_hours,internal_hours,leave_hours,public_holiday_hours,submission_date,approval_status,approval_date,approver_name,rejected_line_count,pending_line_count,classification,synthetic_record
2026-01,E001,Sophie Lambert,Finance,160.0,160.0,9.5,0.0,142.5,0.0,8.0,2026-02-02,Approved,2026-02-06,Relevant Project Manager / Line Manager,0,0,PROJECT_MANAGEMENT_RESTRICTED_PERSONAL,True
2026-02,E001,Sophie Lambert,Finance,160.0,160.0,8.0,0.0,112.0,40.0,0.0,2026-03-02,Approved,2026-03-05,Relevant Project Manager / Line Manager,0,0,PROJECT_MANAGEMENT_RESTRICTED_PERSONAL,True
2026-03,E001,Sophie Lambert,Finance,200.0,200.0,17.0,0.0,167.0,16.0,0.0,2026-04-02,Approved,2026-04-05,Relevant Project Manager / Line Manager,0,0,PROJECT_MANAGEMENT_RESTRICTED_PERSONAL,True
2026-04,E001,Sophie Lambert,Finance,160.0,160.0,18.0,0.0,134.0,0.0,8.0,2026-05-02,Approved,2026-05-03,Relevant Project Manager / Line Manager,0,0,PROJECT_MANAGEMENT_RESTRICTED_PERSONAL,True
2026-05,E001,Sophie Lambert,Finance,160.0,158.0,10.5,0.0,99.5,32.0,16.0,2026-06-02,Pending,,Relevant Project Manager / Line Manager,0,1,PROJECT_MANAGEMENT_RESTRICTED_PERSONAL,True
2026-06,E001,Sophie Lambert,Finance,200.0,200.0,25.0,0.0,167.0,0.0,8.0,2026-07-02,Pending,,Relevant Project Manager / Line Manager,0,11,PROJECT_MANAGEMENT_RESTRICTED_PERSONAL,True
2026-07,E001,Sophie Lambert,Finance,160.0,160.0,15.0,0.0,121.0,24.0,0.0,2026-08-02,Approved,2026-08-03,Relevant Project Manager / Line Manager,0,0,PROJECT_MANAGEMENT_RESTRICTED_PERSONAL,True
2026-08,E001,Sophie Lambert,Finance,200.0,200.0,25.0,0.0,159.0,8.0,8.0,2026-09-02,Approved,2026-09-03,Relevant Project Manager / Line Manager,0,0,PROJECT_MANAGEMENT_RESTRICTED_PERSONAL,True
2026-09,E001,Sophie Lambert,Finance,160.0,160.0,18.0,0.0,142.0,0.0,0.0,2026-10-02,Approved,2026-10-06,Relevant Project Manager / Line Manager,0,0,PROJECT_MANAGEMENT_RESTRICTED_PERSONAL,True
2026-10,E001,Sophie Lambert,Finance,160.0,160.0,16.0,0.0,144.0,0.0,0.0,2026-11-02,Approved,2026-11-03,Relevant Project Manager / Line Manager,0,0,PROJECT_MANAGEMENT_RESTRICTED_PERSONAL,True
2026-11,E001,Sophie Lambert,Finance,200.0,200.0,17.5,0.0,174.5,0.0,8.0,2026-12-02,Approved,2026-12-05,Relevant Project Manager / Line Manager,0,0,PROJECT_MANAGEMENT_RESTRICTED_PERSONAL,True
2026-12,E001,Sophie Lambert,Finance,120.0,120.0,6.0,0.0,98.0,0.0,16.0,2027-01-02,Approved,2027-01-05,Relevant Project Manager / Line Manager,0,0,PROJECT_MANAGEMENT_RESTRICTED_PERSONAL,True
2026-01,E002,Marc Hoffmann,Finance,160.0,160.0,16.0,0.0,136.0,0.0,8.0,2026-02-02,Pending,,Relevant Project Manager / Line Manager,0,6,PROJECT_MANAGEMENT_RESTRICTED_PERSONAL,True
2026-02,E002,Marc Hoffmann,Finance,160.0,160.0,25.5,0.0,134.5,0.0,0.0,2026-03-02,Approved,2026-03-04,Relevant Project Manager / Line Manager,0,0,PROJECT_MANAGEMENT_RESTRICTED_PERSONAL,True
2026-03,E002,Marc Hoffmann,Finance,200.0,200.0,38.5,0.0,161.5,0.0,0.0,2026-04-02,Pending,,Relevant Project Manager / Line Manager,0,9,PROJECT_MANAGEMENT_RESTRICTED_PERSONAL,True
2026-04,E002,Marc Hoffmann,Finance,160.0,160.0,29.5,0.0,122.5,0.0,8.0,2026-05-02,Approved,2026-05-03,Relevant Project Manager / Line Manager,0,0,PROJECT_MANAGEMENT_RESTRICTED_PERSONAL,True
2026-05,E002,Marc Hoffmann,Finance,160.0,160.0,23.5,0.0,104.5,16.0,16.0,2026-06-02,Approved,2026-06-06,Relevant Project Manager / Line Manager,0,0,PROJECT_MANAGEMENT_RESTRICTED_PERSONAL,True
2026-06,E002,Marc Hoffmann,Finance,200.0,200.0,41.5,0.0,134.5,16.0,8.0,2026-07-02,Approved,2026-07-05,Relevant Project Manager / Line Manager,0,0,PROJECT_MANAGEMENT_RESTRICTED_PERSONAL,True
2026-07,E002,Marc Hoffmann,Finance,160.0,148.0,24.5,0.0,75.5,48.0,0.0,2026-08-02,Rejected,,Relevant Project Manager / Line Manager,11,0,PROJECT_MANAGEMENT_RESTRICTED_PERSONAL,True
2026-08,E002,Marc Hoffmann,Finance,200.0,200.0,41.5,0.0,150.5,0.0,8.0,2026-09-02,Approved,2026-09-06,Relevant Project Manager / Line Manager,0,0,PROJECT_MANAGEMENT_RESTRICTED_PERSONAL,True
2026-09,E002,Marc Hoffmann,Finance,160.0,160.0,30.0,0.0,106.0,24.0,0.0,2026-10-02,Approved,2026-10-03,Relevant Project Manager / Line Manager,0,0,PROJECT_MANAGEMENT_RESTRICTED_PERSONAL,True
2026-10,E002,Marc Hoffmann,Finance,160.0,160.0,24.5,0.0,119.5,16.0,0.0,2026-11-02,Approved,2026-11-05,Relevant Project Manager / Line Manager,0,0,PROJECT_MANAGEMENT_RESTRICTED_PERSONAL,True
2026-11,E002,Marc Hoffmann,Finance,200.0,200.0,29.5,0.0,162.5,0.0,8.0,2026-12-02,Approved,2026-12-03,Relevant Project Manager / Line Manager,0,0,PROJECT_MANAGEMENT_RESTRICTED_PERSONAL,True
2026-12,E002,Marc Hoffmann,Finance,120.0,120.0,11.5,0.0,92.5,0.0,16.0,2027-01-02,Approved,2027-01-05,Relevant Project Manager / Line Manager,0,0,PROJECT_MANAGEMENT_RESTRICTED_PERSONAL,True
2026-01,E003,Elena Rossi,Finance,160.0,160.0,21.0,0.0,131.0,0.0,8.0,2026-02-02,Approved,2026-02-05,Relevant Project Manager / Line Manager,0,0,PROJECT_MANAGEMENT_RESTRICTED_PERSONAL,True
2026-02,E003,Elena Rossi,Finance,160.0,160.0,30.0,0.0,114.0,16.0,0.0,2026-03-02,Approved,2026-03-06,Relevant Project Manager / Line Manager,0,0,PROJECT_MANAGEMENT_RESTRICTED_PERSONAL,True
2026-03,E003,Elena Rossi,Finance,200.0,192.0,39.0,0.0,129.0,24.0,0.0,2026-04-02,Rejected,,Relevant Project Manager / Line Manager,9,0,PROJECT_MANAGEMENT_RESTRICTED_PERSONAL,True
2026-04,E003,Elena Rossi,Finance,160.0,160.0,38.0,0.0,106.0,8.0,8.0,2026-05-02,Approved,2026-05-06,Relevant Project Manager / Line Manager,0,0,PROJECT_MANAGEMENT_RESTRICTED_PERSONAL,True
2026-05,E003,Elena Rossi,Finance,160.0,160.0,36.5,0.0,83.5,24.0,16.0,2026-06-02,Approved,2026-06-05,Relevant Project Manager / Line Manager,0,0,PROJECT_MANAGEMENT_RESTRICTED_PERSONAL,True
2026-06,E003,Elena Rossi,Finance,200.0,200.0,49.5,0.0,126.5,16.0,8.0,2026-07-02,Approved,2026-07-04,Relevant Project Manager / Line Manager,0,0,PROJECT_MANAGEMENT_RESTRICTED_PERSONAL,True
2026-07,E003,Elena Rossi,Finance,160.0,160.0,45.5,0.0,114.5,0.0,0.0,2026-08-02,Approved,2026-08-03,Relevant Project Manager / Line Manager,0,0,PROJECT_MANAGEMENT_RESTRICTED_PERSONAL,True
2026-08,E003,Elena Rossi,Finance,200.0,200.0,51.0,0.0,125.0,16.0,8.0,2026-09-02,Approved,2026-09-04,Relevant Project Manager / Line Manager,0,0,PROJECT_MANAGEMENT_RESTRICTED_PERSONAL,True
2026-09,E003,Elena Rossi,Finance,160.0,160.0,40.5,0.0,119.5,0.0,0.0,2026-10-02,Approved,2026-10-04,Relevant Project Manager / Line Manager,0,0,PROJECT_MANAGEMENT_RESTRICTED_PERSONAL,True
2026-10,E003,Elena Rossi,Finance,160.0,160.0,33.0,0.0,111.0,16.0,0.0,2026-11-02,Approved,2026-11-05,Relevant Project Manager / Line Manager,0,0,PROJECT_MANAGEMENT_RESTRICTED_PERSONAL,True
2026-11,E003,Elena Rossi,Finance,200.0,200.0,39.0,0.0,153.0,0.0,8.0,2026-12-02,Pending,,Relevant Project Manager / Line Manager,0,8,PROJECT_MANAGEMENT_RESTRICTED_PERSONAL,True
2026-12,E003,Elena Rossi,Finance,120.0,120.0,14.0,0.0,90.0,0.0,16.0,2027-01-02,Approved,2027-01-06,Relevant Project Manager / Line Manager,0,0,PROJECT_MANAGEMENT_RESTRICTED_PERSONAL,True
2026-01,E004,Thomas Weber,Finance,160.0,160.0,0.0,0.0,152.0,0.0,8.0,2026-02-02,Approved,2026-02-06,Relevant Project Manager / Line Manager,0,0,PROJECT_MANAGEMENT_RESTRICTED_PERSONAL,True
2026-02,E004,Thomas Weber,Finance,160.0,160.0,0.0,0.0,144.0,16.0,0.0,2026-03-02,Approved,2026-03-03,Relevant Project Manager / Line Manager,0,0,PROJECT_MANAGEMENT_RESTRICTED_PERSONAL,True
2026-03,E004,Thomas Weber,Finance,200.0,200.0,0.0,0.0,200.0,0.0,0.0,2026-04-02,Approved,2026-04-04,Relevant Project Manager / Line Manager,0,0,PROJECT_MANAGEMENT_RESTRICTED_PERSONAL,True
2026-04,E004,Thomas Weber,Finance,160.0,160.0,0.0,0.0,152.0,0.0,8.0,2026-05-02,Approved,2026-05-03,Relevant Project Manager / Line Manager,0,0,PROJECT_MANAGEMENT_RESTRICTED_PERSONAL,True
2026-05,E004,Thomas Weber,Finance,160.0,160.0,0.0,0.0,144.0,0.0,16.0,2026-06-02,Approved,2026-06-05,Relevant Project Manager / Line Manager,0,0,PROJECT_MANAGEMENT_RESTRICTED_PERSONAL,True
2026-06,E004,Thomas Weber,Finance,200.0,200.0,0.0,0.0,152.0,40.0,8.0,2026-07-02,Approved,2026-07-06,Relevant Project Manager / Line Manager,0,0,PROJECT_MANAGEMENT_RESTRICTED_PERSONAL,True
2026-07,E004,Thomas Weber,Finance,160.0,160.0,0.0,0.0,160.0,0.0,0.0,2026-08-02,Approved,2026-08-06,Relevant Project Manager / Line Manager,0,0,PROJECT_MANAGEMENT_RESTRICTED_PERSONAL,True
2026-08,E004,Thomas Weber,Finance,200.0,200.0,0.0,0.0,176.0,16.0,8.0,2026-09-02,Approved,2026-09-05,Relevant Project Manager / Line Manager,0,0,PROJECT_MANAGEMENT_RESTRICTED_PERSONAL,True
2026-09,E004,Thomas Weber,Finance,160.0,160.0,0.0,0.0,152.0,8.0,0.0,2026-10-02,Approved,2026-10-03,Relevant Project Manager / Line Manager,0,0,PROJECT_MANAGEMENT_RESTRICTED_PERSONAL,True
2026-10,E004,Thomas Weber,Finance,160.0,160.0,0.0,0.0,136.0,24.0,0.0,2026-11-02,Approved,2026-11-05,Relevant Project Manager / Line Manager,0,0,PROJECT_MANAGEMENT_RESTRICTED_PERSONAL,True
2026-11,E004,Thomas Weber,Finance,200.0,200.0,0.0,0.0,192.0,0.0,8.0,2026-12-02,Approved,2026-12-04,Relevant Project Manager / Line Manager,0,0,PROJECT_MANAGEMENT_RESTRICTED_PERSONAL,True
2026-12,E004,Thomas Weber,Finance,120.0,120.0,0.0,0.0,88.0,16.0,16.0,2027-01-02,Approved,2027-01-03,Relevant Project Manager / Line Manager,0,0,PROJECT_MANAGEMENT_RESTRICTED_PERSONAL,True
2026-01,E005,Nadia Benali,Finance,160.0,160.0,16.5,0.0,135.5,0.0,8.0,2026-02-02,Approved,2026-02-05,Relevant Project Manager / Line Manager,0,0,PROJECT_MANAGEMENT_RESTRICTED_PERSONAL,True
2026-02,E005,Nadia Benali,Finance,160.0,160.0,25.5,0.0,134.5,0.0,0.0,2026-03-02,Approved,2026-03-03,Relevant Project Manager / Line Manager,0,0,PROJECT_MANAGEMENT_RESTRICTED_PERSONAL,True
2026-03,E005,Nadia Benali,Finance,200.0,200.0,32.0,0.0,144.0,24.0,0.0,2026-04-02,Approved,2026-04-06,Relevant Project Manager / Line Manager,0,0,PROJECT_MANAGEMENT_RESTRICTED_PERSONAL,True
2026-04,E005,Nadia Benali,Finance,160.0,160.0,26.5,0.0,109.5,16.0,8.0,2026-05-02,Approved,2026-05-03,Relevant Project Manager / Line Manager,0,0,PROJECT_MANAGEMENT_RESTRICTED_PERSONAL,True
2026-05,E005,Nadia Benali,Finance,160.0,160.0,27.5,0.0,116.5,0.0,16.0,2026-06-02,Approved,2026-06-06,Relevant Project Manager / Line Manager,0,0,PROJECT_MANAGEMENT_RESTRICTED_PERSONAL,True
2026-06,E005,Nadia Benali,Finance,200.0,200.0,40.5,0.0,135.5,16.0,8.0,2026-07-02,Approved,2026-07-03,Relevant Project Manager / Line Manager,0,0,PROJECT_MANAGEMENT_RESTRICTED_PERSONAL,True
2026-07,E005,Nadia Benali,Finance,160.0,160.0,31.5,0.0,104.5,24.0,0.0,2026-08-02,Approved,2026-08-03,Relevant Project Manager / Line Manager,0,0,PROJECT_MANAGEMENT_RESTRICTED_PERSONAL,True
2026-08,E005,Nadia Benali,Finance,200.0,200.0,40.0,0.0,152.0,0.0,8.0,2026-09-02,Approved,2026-09-06,Relevant Project Manager / Line Manager,0,0,PROJECT_MANAGEMENT_RESTRICTED_PERSONAL,True
2026-09,E005,Nadia Benali,Finance,160.0,154.0,33.5,0.0,120.5,0.0,0.0,2026-10-02,Rejected,,Relevant Project Manager / Line Manager,10,0,PROJECT_MANAGEMENT_RESTRICTED_PERSONAL,True
2026-10,E005,Nadia Benali,Finance,160.0,152.0,27.0,0.0,109.0,16.0,0.0,2026-11-02,Rejected,,Relevant Project Manager / Line Manager,9,0,PROJECT_MANAGEMENT_RESTRICTED_PERSONAL,True
2026-11,E005,Nadia Benali,Finance,200.0,200.0,25.0,0.0,143.0,24.0,8.0,2026-12-02,Approved,2026-12-03,Relevant Project Manager / Line Manager,0,0,PROJECT_MANAGEMENT_RESTRICTED_PERSONAL,True
2026-12,E005,Nadia Benali,Finance,120.0,120.0,10.0,0.0,94.0,0.0,16.0,2027-01-02,Approved,2027-01-03,Relevant Project Manager / Line Manager,0,0,PROJECT_MANAGEMENT_RESTRICTED_PERSONAL,True
2026-01,E006,Jean Schmit,Executive,160.0,156.0,9.5,0.0,122.5,16.0,8.0,2026-02-02,Approved,2026-02-04,Relevant Project Manager / Line Manager,0,0,PROJECT_MANAGEMENT_RESTRICTED_PERSONAL,True
2026-02,E006,Jean Schmit,Executive,160.0,160.0,16.0,0.0,144.0,0.0,0.0,2026-03-02,Approved,2026-03-04,Relevant Project Manager / Line Manager,0,0,PROJECT_MANAGEMENT_RESTRICTED_PERSONAL,True
2026-03,E006,Jean Schmit,Executive,200.0,200.0,20.0,0.0,180.0,0.0,0.0,2026-04-02,Approved,2026-04-04,Relevant Project Manager / Line Manager,0,0,PROJECT_MANAGEMENT_RESTRICTED_PERSONAL,True
2026-04,E006,Jean Schmit,Executive,160.0,160.0,14.0,0.0,122.0,16.0,8.0,2026-05-02,Approved,2026-05-05,Relevant Project Manager / Line Manager,0,0,PROJECT_MANAGEMENT_RESTRICTED_PERSONAL,True
2026-05,E006,Jean Schmit,Executive,160.0,160.0,12.5,0.0,107.5,24.0,16.0,2026-06-02,Pending,,Relevant Project Manager / Line Manager,0,5,PROJECT_MANAGEMENT_RESTRICTED_PERSONAL,True
2026-06,E006,Jean Schmit,Executive,200.0,200.0,18.0,0.0,158.0,16.0,8.0,2026-07-02,Approved,2026-07-04,Relevant Project Manager / Line Manager,0,0,PROJECT_MANAGEMENT_RESTRICTED_PERSONAL,True
2026-07,E006,Jean Schmit,Executive,160.0,160.0,16.0,0.0,144.0,0.0,0.0,2026-08-02,Approved,2026-08-03,Relevant Project Manager / Line Manager,0,0,PROJECT_MANAGEMENT_RESTRICTED_PERSONAL,True
2026-08,E006,Jean Schmit,Executive,200.0,200.0,20.0,0.0,172.0,0.0,8.0,2026-09-02,Approved,2026-09-03,Relevant Project Manager / Line Manager,0,0,PROJECT_MANAGEMENT_RESTRICTED_PERSONAL,True
2026-09,E006,Jean Schmit,Executive,160.0,160.0,16.0,0.0,144.0,0.0,0.0,2026-10-02,Approved,2026-10-03,Relevant Project Manager / Line Manager,0,0,PROJECT_MANAGEMENT_RESTRICTED_PERSONAL,True
2026-10,E006,Jean Schmit,Executive,160.0,158.0,14.0,0.0,120.0,24.0,0.0,2026-11-02,Pending,,Relevant Project Manager / Line Manager,0,5,PROJECT_MANAGEMENT_RESTRICTED_PERSONAL,True
2026-11,E006,Jean Schmit,Executive,200.0,200.0,17.0,0.0,151.0,24.0,8.0,2026-12-02,Pending,,Relevant Project Manager / Line Manager,0,5,PROJECT_MANAGEMENT_RESTRICTED_PERSONAL,True
2026-12,E006,Jean Schmit,Executive,120.0,120.0,6.0,0.0,98.0,0.0,16.0,2027-01-02,Approved,2027-01-03,Relevant Project Manager / Line Manager,0,0,PROJECT_MANAGEMENT_RESTRICTED_PERSONAL,True
2026-01,E007,Claire Muller,Executive,160.0,160.0,16.5,0.0,135.5,0.0,8.0,2026-02-02,Approved,2026-02-03,Relevant Project Manager / Line Manager,0,0,PROJECT_MANAGEMENT_RESTRICTED_PERSONAL,True
2026-02,E007,Claire Muller,Executive,160.0,160.0,25.5,0.0,134.5,0.0,0.0,2026-03-02,Approved,2026-03-03,Relevant Project Manager / Line Manager,0,0,PROJECT_MANAGEMENT_RESTRICTED_PERSONAL,True
2026-03,E007,Claire Muller,Executive,200.0,200.0,31.5,0.0,144.5,24.0,0.0,2026-04-02,Approved,2026-04-05,Relevant Project Manager / Line Manager,0,0,PROJECT_MANAGEMENT_RESTRICTED_PERSONAL,True
2026-04,E007,Claire Muller,Executive,160.0,160.0,24.5,0.0,103.5,24.0,8.0,2026-05-02,Approved,2026-05-05,Relevant Project Manager / Line Manager,0,0,PROJECT_MANAGEMENT_RESTRICTED_PERSONAL,True
2026-05,E007,Claire Muller,Executive,160.0,160.0,28.5,0.0,115.5,0.0,16.0,2026-06-02,Approved,2026-06-03,Relevant Project Manager / Line Manager,0,0,PROJECT_MANAGEMENT_RESTRICTED_PERSONAL,True
2026-06,E007,Claire Muller,Executive,200.0,200.0,35.5,0.0,140.5,16.0,8.0,2026-07-02,Approved,2026-07-03,Relevant Project Manager / Line Manager,0,0,PROJECT_MANAGEMENT_RESTRICTED_PERSONAL,True
2026-07,E007,Claire Muller,Executive,160.0,160.0,32.0,0.0,120.0,8.0,0.0,2026-08-02,Approved,2026-08-03,Relevant Project Manager / Line Manager,0,0,PROJECT_MANAGEMENT_RESTRICTED_PERSONAL,True
2026-08,E007,Claire Muller,Executive,200.0,200.0,37.5,0.0,138.5,16.0,8.0,2026-09-02,Approved,2026-09-04,Relevant Project Manager / Line Manager,0,0,PROJECT_MANAGEMENT_RESTRICTED_PERSONAL,True
2026-09,E007,Claire Muller,Executive,160.0,160.0,30.5,0.0,129.5,0.0,0.0,2026-10-02,Approved,2026-10-03,Relevant Project Manager / Line Manager,0,0,PROJECT_MANAGEMENT_RESTRICTED_PERSONAL,True
2026-10,E007,Claire Muller,Executive,160.0,160.0,26.5,0.0,133.5,0.0,0.0,2026-11-02,Approved,2026-11-06,Relevant Project Manager / Line Manager,0,0,PROJECT_MANAGEMENT_RESTRICTED_PERSONAL,True
2026-11,E007,Claire Muller,Executive,200.0,200.0,26.5,0.0,149.5,16.0,8.0,2026-12-02,Approved,2026-12-04,Relevant Project Manager / Line Manager,0,0,PROJECT_MANAGEMENT_RESTRICTED_PERSONAL,True
2026-12,E007,Claire Muller,Executive,120.0,120.0,8.5,0.0,79.5,16.0,16.0,2027-01-02,Approved,2027-01-06,Relevant Project Manager / Line Manager,0,0,PROJECT_MANAGEMENT_RESTRICTED_PERSONAL,True
2026-01,E008,Luca Conti,Executive,160.0,160.0,13.5,0.0,138.5,0.0,8.0,2026-02-02,Approved,2026-02-06,Relevant Project Manager / Line Manager,0,0,PROJECT_MANAGEMENT_RESTRICTED_PERSONAL,True
2026-02,E008,Luca Conti,Executive,160.0,160.0,24.0,0.0,136.0,0.0,0.0,2026-03-02,Approved,2026-03-05,Relevant Project Manager / Line Manager,0,0,PROJECT_MANAGEMENT_RESTRICTED_PERSONAL,True
2026-03,E008,Luca Conti,Executive,200.0,200.0,32.5,0.0,127.5,40.0,0.0,2026-04-02,Approved,2026-04-04,Relevant Project Manager / Line Manager,0,0,PROJECT_MANAGEMENT_RESTRICTED_PERSONAL,True
2026-04,E008,Luca Conti,Executive,160.0,160.0,23.0,0.0,89.0,40.0,8.0,2026-05-02,Approved,2026-05-05,Relevant Project Manager / Line Manager,0,0,PROJECT_MANAGEMENT_RESTRICTED_PERSONAL,True
2026-05,E008,Luca Conti,Executive,160.0,160.0,35.0,0.0,109.0,0.0,16.0,2026-06-02,Pending,,Relevant Project Manager / Line Manager,0,6,PROJECT_MANAGEMENT_RESTRICTED_PERSONAL,True
2026-06,E008,Luca Conti,Executive,200.0,200.0,47.5,0.0,144.5,0.0,8.0,2026-07-02,Approved,2026-07-03,Relevant Project Manager / Line Manager,0,0,PROJECT_MANAGEMENT_RESTRICTED_PERSONAL,True
2026-07,E008,Luca Conti,Executive,160.0,160.0,40.0,0.0,120.0,0.0,0.0,2026-08-02,Approved,2026-08-05,Relevant Project Manager / Line Manager,0,0,PROJECT_MANAGEMENT_RESTRICTED_PERSONAL,True
2026-08,E008,Luca Conti,Executive,200.0,200.0,39.0,0.0,113.0,40.0,8.0,2026-09-02,Approved,2026-09-03,Relevant Project Manager / Line Manager,0,0,PROJECT_MANAGEMENT_RESTRICTED_PERSONAL,True
2026-09,E008,Luca Conti,Executive,160.0,160.0,40.0,0.0,120.0,0.0,0.0,2026-10-02,Approved,2026-10-05,Relevant Project Manager / Line Manager,0,0,PROJECT_MANAGEMENT_RESTRICTED_PERSONAL,True
2026-10,E008,Luca Conti,Executive,160.0,160.0,40.0,0.0,120.0,0.0,0.0,2026-11-02,Approved,2026-11-06,Relevant Project Manager / Line Manager,0,0,PROJECT_MANAGEMENT_RESTRICTED_PERSONAL,True
2026-11,E008,Luca Conti,Executive,200.0,200.0,48.0,0.0,144.0,0.0,8.0,2026-12-02,Approved,2026-12-06,Relevant Project Manager / Line Manager,0,0,PROJECT_MANAGEMENT_RESTRICTED_PERSONAL,True
2026-12,E008,Luca Conti,Executive,120.0,120.0,20.0,0.0,84.0,0.0,16.0,2027-01-02,Approved,2027-01-06,Relevant Project Manager / Line Manager,0,0,PROJECT_MANAGEMENT_RESTRICTED_PERSONAL,True
2026-01,E009,Amélie Dubois,Executive,160.0,160.0,18.0,0.0,134.0,0.0,8.0,2026-02-02,Approved,2026-02-05,Relevant Project Manager / Line Manager,0,0,PROJECT_MANAGEMENT_RESTRICTED_PERSONAL,True
2026-02,E009,Amélie Dubois,Executive,160.0,158.0,24.0,0.0,134.0,0.0,0.0,2026-03-02,Approved,2026-03-03,Relevant Project Manager / Line Manager,0,0,PROJECT_MANAGEMENT_RESTRICTED_PERSONAL,True
2026-03,E009,Amélie Dubois,Executive,200.0,196.0,28.0,0.0,152.0,16.0,0.0,2026-04-02,Approved,2026-04-03,Relevant Project Manager / Line Manager,0,0,PROJECT_MANAGEMENT_RESTRICTED_PERSONAL,True
2026-04,E009,Amélie Dubois,Executive,160.0,160.0,25.0,0.0,103.0,24.0,8.0,2026-05-02,Approved,2026-05-06,Relevant Project Manager / Line Manager,0,0,PROJECT_MANAGEMENT_RESTRICTED_PERSONAL,True
2026-05,E009,Amélie Dubois,Executive,160.0,160.0,20.0,0.0,84.0,40.0,16.0,2026-06-02,Approved,2026-06-06,Relevant Project Manager / Line Manager,0,0,PROJECT_MANAGEMENT_RESTRICTED_PERSONAL,True
2026-06,E009,Amélie Dubois,Executive,200.0,200.0,36.5,0.0,155.5,0.0,8.0,2026-07-02,Approved,2026-07-06,Relevant Project Manager / Line Manager,0,0,PROJECT_MANAGEMENT_RESTRICTED_PERSONAL,True
2026-07,E009,Amélie Dubois,Executive,160.0,160.0,30.5,0.0,129.5,0.0,0.0,2026-08-02,Approved,2026-08-04,Relevant Project Manager / Line Manager,0,0,PROJECT_MANAGEMENT_RESTRICTED_PERSONAL,True
2026-08,E009,Amélie Dubois,Executive,200.0,200.0,33.0,0.0,143.0,16.0,8.0,2026-09-02,Approved,2026-09-03,Relevant Project Manager / Line Manager,0,0,PROJECT_MANAGEMENT_RESTRICTED_PERSONAL,True
2026-09,E009,Amélie Dubois,Executive,160.0,160.0,24.5,0.0,135.5,0.0,0.0,2026-10-02,Approved,2026-10-05,Relevant Project Manager / Line Manager,0,0,PROJECT_MANAGEMENT_RESTRICTED_PERSONAL,True
2026-10,E009,Amélie Dubois,Executive,160.0,160.0,17.0,0.0,127.0,16.0,0.0,2026-11-02,Approved,2026-11-03,Relevant Project Manager / Line Manager,0,0,PROJECT_MANAGEMENT_RESTRICTED_PERSONAL,True
2026-11,E009,Amélie Dubois,Executive,200.0,200.0,14.5,0.0,169.5,8.0,8.0,2026-12-02,Pending,,Relevant Project Manager / Line Manager,0,3,PROJECT_MANAGEMENT_RESTRICTED_PERSONAL,True
2026-12,E009,Amélie Dubois,Executive,120.0,120.0,3.0,0.0,101.0,0.0,16.0,2027-01-02,Approved,2027-01-06,Relevant Project Manager / Line Manager,0,0,PROJECT_MANAGEMENT_RESTRICTED_PERSONAL,True
2026-01,E010,David Martin,Project Management,160.0,160.0,36.0,0.0,116.0,0.0,8.0,2026-02-02,Approved,2026-02-05,David Martin,0,0,PROJECT_MANAGEMENT_RESTRICTED_PERSONAL,True
2026-02,E010,David Martin,Project Management,160.0,160.0,50.5,0.0,93.5,16.0,0.0,2026-03-02,Approved,2026-03-05,David Martin,0,0,PROJECT_MANAGEMENT_RESTRICTED_PERSONAL,True
2026-03,E010,David Martin,Project Management,200.0,200.0,80.0,0.0,120.0,0.0,0.0,2026-04-02,Approved,2026-04-05,David Martin,0,0,PROJECT_MANAGEMENT_RESTRICTED_PERSONAL,True
2026-04,E010,David Martin,Project Management,160.0,160.0,55.5,0.0,72.5,24.0,8.0,2026-05-02,Approved,2026-05-04,David Martin,0,0,PROJECT_MANAGEMENT_RESTRICTED_PERSONAL,True
2026-05,E010,David Martin,Project Management,160.0,160.0,70.0,0.0,74.0,0.0,16.0,2026-06-02,Approved,2026-06-04,David Martin,0,0,PROJECT_MANAGEMENT_RESTRICTED_PERSONAL,True
2026-06,E010,David Martin,Project Management,200.0,200.0,95.0,0.0,97.0,0.0,8.0,2026-07-02,Approved,2026-07-06,David Martin,0,0,PROJECT_MANAGEMENT_RESTRICTED_PERSONAL,True
2026-07,E010,David Martin,Project Management,160.0,160.0,60.0,0.0,60.0,40.0,0.0,2026-08-02,Approved,2026-08-03,David Martin,0,0,PROJECT_MANAGEMENT_RESTRICTED_PERSONAL,True
2026-08,E010,David Martin,Project Management,200.0,200.0,84.5,0.0,83.5,24.0,8.0,2026-09-02,Approved,2026-09-06,David Martin,0,0,PROJECT_MANAGEMENT_RESTRICTED_PERSONAL,True
2026-09,E010,David Martin,Project Management,160.0,160.0,72.0,0.0,88.0,0.0,0.0,2026-10-02,Approved,2026-10-06,David Martin,0,0,PROJECT_MANAGEMENT_RESTRICTED_PERSONAL,True
2026-10,E010,David Martin,Project Management,160.0,160.0,58.0,0.0,86.0,16.0,0.0,2026-11-02,Approved,2026-11-03,David Martin,0,0,PROJECT_MANAGEMENT_RESTRICTED_PERSONAL,True
2026-11,E010,David Martin,Project Management,200.0,200.0,66.5,0.0,125.5,0.0,8.0,2026-12-02,Approved,2026-12-04,David Martin,0,0,PROJECT_MANAGEMENT_RESTRICTED_PERSONAL,True
2026-12,E010,David Martin,Project Management,120.0,120.0,24.0,0.0,80.0,0.0,16.0,2027-01-02,Approved,2027-01-05,David Martin,0,0,PROJECT_MANAGEMENT_RESTRICTED_PERSONAL,True
2026-01,E011,Maya Fernandes,Project Management,160.0,160.0,92.0,92.0,60.0,0.0,8.0,2026-02-02,Approved,2026-02-03,David Martin,0,0,PROJECT_MANAGEMENT_RESTRICTED_PERSONAL,True
2026-02,E011,Maya Fernandes,Project Management,160.0,160.0,156.5,156.5,3.5,0.0,0.0,2026-03-02,Approved,2026-03-06,David Martin,0,0,PROJECT_MANAGEMENT_RESTRICTED_PERSONAL,True
2026-03,E011,Maya Fernandes,Project Management,200.0,201.0,181.0,181.0,4.0,16.0,0.0,2026-04-02,Approved,2026-04-03,David Martin,0,0,PROJECT_MANAGEMENT_RESTRICTED_PERSONAL,True
2026-04,E011,Maya Fernandes,Project Management,160.0,161.0,151.0,151.0,2.0,0.0,8.0,2026-05-02,Approved,2026-05-03,David Martin,0,0,PROJECT_MANAGEMENT_RESTRICTED_PERSONAL,True
2026-05,E011,Maya Fernandes,Project Management,160.0,160.0,115.5,115.5,4.5,24.0,16.0,2026-06-02,Approved,2026-06-05,David Martin,0,0,PROJECT_MANAGEMENT_RESTRICTED_PERSONAL,True
2026-06,E011,Maya Fernandes,Project Management,200.0,201.0,174.5,174.5,2.5,16.0,8.0,2026-07-02,Approved,2026-07-04,David Martin,0,0,PROJECT_MANAGEMENT_RESTRICTED_PERSONAL,True
2026-07,E011,Maya Fernandes,Project Management,160.0,160.5,142.0,142.0,2.5,16.0,0.0,2026-08-02,Approved,2026-08-06,David Martin,0,0,PROJECT_MANAGEMENT_RESTRICTED_PERSONAL,True
2026-08,E011,Maya Fernandes,Project Management,200.0,200.0,191.5,191.5,0.5,0.0,8.0,2026-09-02,Approved,2026-09-04,David Martin,0,0,PROJECT_MANAGEMENT_RESTRICTED_PERSONAL,True
2026-09,E011,Maya Fernandes,Project Management,160.0,160.5,151.0,151.0,1.5,8.0,0.0,2026-10-02,Approved,2026-10-05,David Martin,0,0,PROJECT_MANAGEMENT_RESTRICTED_PERSONAL,True
2026-10,E011,Maya Fernandes,Project Management,160.0,160.0,136.5,136.5,23.5,0.0,0.0,2026-11-02,Approved,2026-11-03,David Martin,0,0,PROJECT_MANAGEMENT_RESTRICTED_PERSONAL,True
2026-11,E011,Maya Fernandes,Project Management,200.0,200.0,133.5,133.5,18.5,40.0,8.0,2026-12-02,Approved,2026-12-03,David Martin,0,0,PROJECT_MANAGEMENT_RESTRICTED_PERSONAL,True
2026-12,E011,Maya Fernandes,Project Management,120.0,120.0,71.0,71.0,33.0,0.0,16.0,2027-01-02,Approved,2027-01-04,David Martin,0,0,PROJECT_MANAGEMENT_RESTRICTED_PERSONAL,True
2026-01,E012,Julien Bernard,Project Management,160.0,160.0,82.5,82.5,69.5,0.0,8.0,2026-02-02,Approved,2026-02-05,David Martin,0,0,PROJECT_MANAGEMENT_RESTRICTED_PERSONAL,True
2026-02,E012,Julien Bernard,Project Management,160.0,162.0,85.0,85.0,77.0,0.0,0.0,2026-03-02,Approved,2026-03-04,David Martin,0,0,PROJECT_MANAGEMENT_RESTRICTED_PERSONAL,True
2026-03,E012,Julien Bernard,Project Management,200.0,200.0,180.5,180.5,3.5,16.0,0.0,2026-04-02,Approved,2026-04-03,David Martin,0,0,PROJECT_MANAGEMENT_RESTRICTED_PERSONAL,True
2026-04,E012,Julien Bernard,Project Management,160.0,160.0,112.0,112.0,0.0,40.0,8.0,2026-05-02,Approved,2026-05-05,David Martin,0,0,PROJECT_MANAGEMENT_RESTRICTED_PERSONAL,True
2026-05,E012,Julien Bernard,Project Management,160.0,160.0,142.5,142.5,1.5,0.0,16.0,2026-06-02,Approved,2026-06-03,David Martin,0,0,PROJECT_MANAGEMENT_RESTRICTED_PERSONAL,True
2026-06,E012,Julien Bernard,Project Management,200.0,200.0,188.0,188.0,4.0,0.0,8.0,2026-07-02,Approved,2026-07-05,David Martin,0,0,PROJECT_MANAGEMENT_RESTRICTED_PERSONAL,True
2026-07,E012,Julien Bernard,Project Management,160.0,160.0,160.0,160.0,0.0,0.0,0.0,2026-08-02,Approved,2026-08-05,David Martin,0,0,PROJECT_MANAGEMENT_RESTRICTED_PERSONAL,True
2026-08,E012,Julien Bernard,Project Management,200.0,200.0,188.0,188.0,4.0,0.0,8.0,2026-09-02,Approved,2026-09-05,David Martin,0,0,PROJECT_MANAGEMENT_RESTRICTED_PERSONAL,True
2026-09,E012,Julien Bernard,Project Management,160.0,160.0,142.5,142.5,1.5,16.0,0.0,2026-10-02,Approved,2026-10-04,David Martin,0,0,PROJECT_MANAGEMENT_RESTRICTED_PERSONAL,True
2026-10,E012,Julien Bernard,Project Management,160.0,160.0,158.5,158.5,1.5,0.0,0.0,2026-11-02,Approved,2026-11-05,David Martin,0,0,PROJECT_MANAGEMENT_RESTRICTED_PERSONAL,True
2026-11,E012,Julien Bernard,Project Management,200.0,204.0,147.5,147.5,8.5,40.0,8.0,2026-12-02,Approved,2026-12-04,David Martin,0,0,PROJECT_MANAGEMENT_RESTRICTED_PERSONAL,True
2026-12,E012,Julien Bernard,Project Management,120.0,120.0,32.5,32.5,63.5,8.0,16.0,2027-01-02,Approved,2027-01-05,David Martin,0,0,PROJECT_MANAGEMENT_RESTRICTED_PERSONAL,True
2026-01,E013,Sara Khan,Project Management,160.0,160.0,77.5,77.5,74.5,0.0,8.0,2026-02-02,Approved,2026-02-05,David Martin,0,0,PROJECT_MANAGEMENT_RESTRICTED_PERSONAL,True
2026-02,E013,Sara Khan,Project Management,160.0,160.0,132.0,132.0,4.0,24.0,0.0,2026-03-02,Approved,2026-03-03,David Martin,0,0,PROJECT_MANAGEMENT_RESTRICTED_PERSONAL,True
2026-03,E013,Sara Khan,Project Management,200.0,200.0,174.0,174.0,2.0,24.0,0.0,2026-04-02,Approved,2026-04-04,David Martin,0,0,PROJECT_MANAGEMENT_RESTRICTED_PERSONAL,True
2026-04,E013,Sara Khan,Project Management,160.0,160.0,134.5,134.5,1.5,16.0,8.0,2026-05-02,Approved,2026-05-06,David Martin,0,0,PROJECT_MANAGEMENT_RESTRICTED_PERSONAL,True
2026-05,E013,Sara Khan,Project Management,160.0,160.0,124.5,124.5,3.5,16.0,16.0,2026-06-02,Approved,2026-06-03,David Martin,0,0,PROJECT_MANAGEMENT_RESTRICTED_PERSONAL,True
2026-06,E013,Sara Khan,Project Management,200.0,200.0,173.0,173.0,3.0,16.0,8.0,2026-07-02,Approved,2026-07-06,David Martin,0,0,PROJECT_MANAGEMENT_RESTRICTED_PERSONAL,True
2026-07,E013,Sara Khan,Project Management,160.0,160.0,157.0,157.0,3.0,0.0,0.0,2026-08-02,Pending,,David Martin,0,3,PROJECT_MANAGEMENT_RESTRICTED_PERSONAL,True
2026-08,E013,Sara Khan,Project Management,200.0,200.0,166.5,166.5,1.5,24.0,8.0,2026-09-02,Approved,2026-09-04,David Martin,0,0,PROJECT_MANAGEMENT_RESTRICTED_PERSONAL,True
2026-09,E013,Sara Khan,Project Management,160.0,154.0,82.0,82.0,72.0,0.0,0.0,2026-10-02,Rejected,,David Martin,2,0,PROJECT_MANAGEMENT_RESTRICTED_PERSONAL,True
2026-10,E013,Sara Khan,Project Management,160.0,160.0,81.0,81.0,79.0,0.0,0.0,2026-11-02,Approved,2026-11-06,David Martin,0,0,PROJECT_MANAGEMENT_RESTRICTED_PERSONAL,True
2026-11,E013,Sara Khan,Project Management,200.0,200.0,0.0,0.0,192.0,0.0,8.0,2026-12-02,Approved,2026-12-05,David Martin,0,0,PROJECT_MANAGEMENT_RESTRICTED_PERSONAL,True
2026-12,E013,Sara Khan,Project Management,120.0,120.0,0.0,0.0,104.0,0.0,16.0,2027-01-02,Approved,2027-01-06,David Martin,0,0,PROJECT_MANAGEMENT_RESTRICTED_PERSONAL,True
2026-01,E014,Nicolas Wagner,Project Management,160.0,160.0,62.0,62.0,90.0,0.0,8.0,2026-02-02,Approved,2026-02-04,David Martin,0,0,PROJECT_MANAGEMENT_RESTRICTED_PERSONAL,True
2026-02,E014,Nicolas Wagner,Project Management,160.0,160.0,73.0,73.0,71.0,16.0,0.0,2026-03-02,Approved,2026-03-06,David Martin,0,0,PROJECT_MANAGEMENT_RESTRICTED_PERSONAL,True
2026-03,E014,Nicolas Wagner,Project Management,200.0,200.0,93.0,93.0,91.0,16.0,0.0,2026-04-02,Approved,2026-04-04,David Martin,0,0,PROJECT_MANAGEMENT_RESTRICTED_PERSONAL,True
2026-04,E014,Nicolas Wagner,Project Management,160.0,160.0,104.0,104.0,24.0,24.0,8.0,2026-05-02,Approved,2026-05-05,David Martin,0,0,PROJECT_MANAGEMENT_RESTRICTED_PERSONAL,True
2026-05,E014,Nicolas Wagner,Project Management,160.0,160.0,138.5,138.5,5.5,0.0,16.0,2026-06-02,Approved,2026-06-03,David Martin,0,0,PROJECT_MANAGEMENT_RESTRICTED_PERSONAL,True
2026-06,E014,Nicolas Wagner,Project Management,200.0,206.0,188.0,188.0,10.0,0.0,8.0,2026-07-02,Approved,2026-07-03,David Martin,0,0,PROJECT_MANAGEMENT_RESTRICTED_PERSONAL,True
2026-07,E014,Nicolas Wagner,Project Management,160.0,166.0,158.5,158.5,7.5,0.0,0.0,2026-08-02,Approved,2026-08-06,David Martin,0,0,PROJECT_MANAGEMENT_RESTRICTED_PERSONAL,True
2026-08,E014,Nicolas Wagner,Project Management,200.0,200.0,166.0,166.0,2.0,24.0,8.0,2026-09-02,Approved,2026-09-03,David Martin,0,0,PROJECT_MANAGEMENT_RESTRICTED_PERSONAL,True
2026-09,E014,Nicolas Wagner,Project Management,160.0,160.0,142.0,142.0,2.0,16.0,0.0,2026-10-02,Approved,2026-10-05,David Martin,0,0,PROJECT_MANAGEMENT_RESTRICTED_PERSONAL,True
2026-10,E014,Nicolas Wagner,Project Management,160.0,161.0,152.0,152.0,1.0,8.0,0.0,2026-11-02,Approved,2026-11-05,David Martin,0,0,PROJECT_MANAGEMENT_RESTRICTED_PERSONAL,True
2026-11,E014,Nicolas Wagner,Project Management,200.0,200.0,173.5,173.5,2.5,16.0,8.0,2026-12-02,Approved,2026-12-06,David Martin,0,0,PROJECT_MANAGEMENT_RESTRICTED_PERSONAL,True
2026-12,E014,Nicolas Wagner,Project Management,120.0,114.0,78.5,78.5,19.5,0.0,16.0,2027-01-02,Rejected,,David Martin,1,0,PROJECT_MANAGEMENT_RESTRICTED_PERSONAL,True
2026-01,E015,Inès Petit,Project Management,160.0,160.0,57.5,0.0,94.5,0.0,8.0,2026-02-02,Approved,2026-02-03,David Martin,0,0,PROJECT_MANAGEMENT_RESTRICTED_PERSONAL,True
2026-02,E015,Inès Petit,Project Management,160.0,160.0,77.5,0.0,58.5,24.0,0.0,2026-03-02,Approved,2026-03-05,David Martin,0,0,PROJECT_MANAGEMENT_RESTRICTED_PERSONAL,True
2026-03,E015,Inès Petit,Project Management,200.0,200.0,128.5,0.0,71.5,0.0,0.0,2026-04-02,Approved,2026-04-06,David Martin,0,0,PROJECT_MANAGEMENT_RESTRICTED_PERSONAL,True
2026-04,E015,Inès Petit,Project Management,160.0,160.0,98.0,0.0,38.0,16.0,8.0,2026-05-02,Approved,2026-05-03,David Martin,0,0,PROJECT_MANAGEMENT_RESTRICTED_PERSONAL,True
2026-05,E015,Inès Petit,Project Management,160.0,160.0,116.0,0.0,28.0,0.0,16.0,2026-06-02,Approved,2026-06-03,David Martin,0,0,PROJECT_MANAGEMENT_RESTRICTED_PERSONAL,True
2026-06,E015,Inès Petit,Project Management,200.0,200.0,142.5,0.0,33.5,16.0,8.0,2026-07-02,Approved,2026-07-04,David Martin,0,0,PROJECT_MANAGEMENT_RESTRICTED_PERSONAL,True
2026-07,E015,Inès Petit,Project Management,160.0,160.0,127.5,0.0,32.5,0.0,0.0,2026-08-02,Approved,2026-08-04,David Martin,0,0,PROJECT_MANAGEMENT_RESTRICTED_PERSONAL,True
2026-08,E015,Inès Petit,Project Management,200.0,200.0,136.5,0.0,31.5,24.0,8.0,2026-09-02,Approved,2026-09-05,David Martin,0,0,PROJECT_MANAGEMENT_RESTRICTED_PERSONAL,True
2026-09,E015,Inès Petit,Project Management,160.0,160.0,98.0,0.0,38.0,24.0,0.0,2026-10-02,Approved,2026-10-04,David Martin,0,0,PROJECT_MANAGEMENT_RESTRICTED_PERSONAL,True
2026-10,E015,Inès Petit,Project Management,160.0,160.0,104.0,0.0,56.0,0.0,0.0,2026-11-02,Approved,2026-11-05,David Martin,0,0,PROJECT_MANAGEMENT_RESTRICTED_PERSONAL,True
2026-11,E015,Inès Petit,Project Management,200.0,200.0,101.5,0.0,74.5,16.0,8.0,2026-12-02,Approved,2026-12-06,David Martin,0,0,PROJECT_MANAGEMENT_RESTRICTED_PERSONAL,True
2026-12,E015,Inès Petit,Project Management,120.0,120.0,39.5,0.0,64.5,0.0,16.0,2027-01-02,Approved,2027-01-06,David Martin,0,0,PROJECT_MANAGEMENT_RESTRICTED_PERSONAL,True
2026-01,E016,Olivier Lefevre,Project Management,160.0,160.0,36.0,0.0,116.0,0.0,8.0,2026-02-02,Approved,2026-02-06,David Martin,0,0,PROJECT_MANAGEMENT_RESTRICTED_PERSONAL,True
2026-02,E016,Olivier Lefevre,Project Management,160.0,160.0,56.0,0.0,104.0,0.0,0.0,2026-03-02,Approved,2026-03-03,David Martin,0,0,PROJECT_MANAGEMENT_RESTRICTED_PERSONAL,True
2026-03,E016,Olivier Lefevre,Project Management,200.0,200.0,80.0,0.0,120.0,0.0,0.0,2026-04-02,Approved,2026-04-03,David Martin,0,0,PROJECT_MANAGEMENT_RESTRICTED_PERSONAL,True
2026-04,E016,Olivier Lefevre,Project Management,160.0,164.0,58.5,0.0,73.5,24.0,8.0,2026-05-02,Approved,2026-05-05,David Martin,0,0,PROJECT_MANAGEMENT_RESTRICTED_PERSONAL,True
2026-05,E016,Olivier Lefevre,Project Management,160.0,160.0,70.5,0.0,73.5,0.0,16.0,2026-06-02,Approved,2026-06-05,David Martin,0,0,PROJECT_MANAGEMENT_RESTRICTED_PERSONAL,True
2026-06,E016,Olivier Lefevre,Project Management,200.0,196.0,79.5,0.0,76.5,32.0,8.0,2026-07-02,Approved,2026-07-05,David Martin,0,0,PROJECT_MANAGEMENT_RESTRICTED_PERSONAL,True
2026-07,E016,Olivier Lefevre,Project Management,160.0,160.0,75.0,0.0,77.0,8.0,0.0,2026-08-02,Approved,2026-08-04,David Martin,0,0,PROJECT_MANAGEMENT_RESTRICTED_PERSONAL,True
2026-08,E016,Olivier Lefevre,Project Management,200.0,200.0,85.5,0.0,90.5,16.0,8.0,2026-09-02,Approved,2026-09-03,David Martin,0,0,PROJECT_MANAGEMENT_RESTRICTED_PERSONAL,True
2026-09,E016,Olivier Lefevre,Project Management,160.0,160.0,64.0,0.0,80.0,16.0,0.0,2026-10-02,Approved,2026-10-06,David Martin,0,0,PROJECT_MANAGEMENT_RESTRICTED_PERSONAL,True
2026-10,E016,Olivier Lefevre,Project Management,160.0,160.0,56.0,0.0,80.0,24.0,0.0,2026-11-02,Approved,2026-11-04,David Martin,0,0,PROJECT_MANAGEMENT_RESTRICTED_PERSONAL,True
2026-11,E016,Olivier Lefevre,Project Management,200.0,200.0,66.5,0.0,125.5,0.0,8.0,2026-12-02,Approved,2026-12-03,David Martin,0,0,PROJECT_MANAGEMENT_RESTRICTED_PERSONAL,True
2026-12,E016,Olivier Lefevre,Project Management,120.0,126.0,24.0,0.0,86.0,0.0,16.0,2027-01-02,Approved,2027-01-03,David Martin,0,0,PROJECT_MANAGEMENT_RESTRICTED_PERSONAL,True
2026-01,E017,Amina Amar,Data & AI,160.0,162.0,87.5,87.5,66.5,0.0,8.0,2026-02-02,Approved,2026-02-05,Relevant Project Manager / Line Manager,0,0,PROJECT_MANAGEMENT_RESTRICTED_PERSONAL,True
2026-02,E017,Amina Amar,Data & AI,160.0,160.0,142.5,142.5,17.5,0.0,0.0,2026-03-02,Approved,2026-03-06,Relevant Project Manager / Line Manager,0,0,PROJECT_MANAGEMENT_RESTRICTED_PERSONAL,True
2026-03,E017,Amina Amar,Data & AI,200.0,200.0,167.5,167.5,24.5,8.0,0.0,2026-04-02,Approved,2026-04-04,Relevant Project Manager / Line Manager,0,0,PROJECT_MANAGEMENT_RESTRICTED_PERSONAL,True
2026-04,E017,Amina Amar,Data & AI,160.0,160.0,110.5,110.5,17.5,24.0,8.0,2026-05-02,Approved,2026-05-05,Relevant Project Manager / Line Manager,0,0,PROJECT_MANAGEMENT_RESTRICTED_PERSONAL,True
2026-05,E017,Amina Amar,Data & AI,160.0,156.0,129.5,129.5,10.5,0.0,16.0,2026-06-02,Approved,2026-06-05,Relevant Project Manager / Line Manager,0,0,PROJECT_MANAGEMENT_RESTRICTED_PERSONAL,True
2026-06,E017,Amina Amar,Data & AI,200.0,200.0,173.5,173.5,18.5,0.0,8.0,2026-07-02,Approved,2026-07-04,Relevant Project Manager / Line Manager,0,0,PROJECT_MANAGEMENT_RESTRICTED_PERSONAL,True
2026-07,E017,Amina Amar,Data & AI,160.0,160.0,109.0,109.0,11.0,40.0,0.0,2026-08-02,Approved,2026-08-04,Relevant Project Manager / Line Manager,0,0,PROJECT_MANAGEMENT_RESTRICTED_PERSONAL,True
2026-08,E017,Amina Amar,Data & AI,200.0,194.5,172.0,172.0,14.5,0.0,8.0,2026-09-02,Rejected,,Relevant Project Manager / Line Manager,2,0,PROJECT_MANAGEMENT_RESTRICTED_PERSONAL,True
2026-09,E017,Amina Amar,Data & AI,160.0,160.0,144.5,144.5,15.5,0.0,0.0,2026-10-02,Approved,2026-10-05,Relevant Project Manager / Line Manager,0,0,PROJECT_MANAGEMENT_RESTRICTED_PERSONAL,True
2026-10,E017,Amina Amar,Data & AI,160.0,160.0,99.0,99.0,13.0,48.0,0.0,2026-11-02,Approved,2026-11-05,Relevant Project Manager / Line Manager,0,0,PROJECT_MANAGEMENT_RESTRICTED_PERSONAL,True
2026-11,E017,Amina Amar,Data & AI,200.0,200.0,173.5,173.5,18.5,0.0,8.0,2026-12-02,Approved,2026-12-06,Relevant Project Manager / Line Manager,0,0,PROJECT_MANAGEMENT_RESTRICTED_PERSONAL,True
2026-12,E017,Amina Amar,Data & AI,120.0,120.0,70.5,70.5,33.5,0.0,16.0,2027-01-02,Approved,2027-01-06,Relevant Project Manager / Line Manager,0,0,PROJECT_MANAGEMENT_RESTRICTED_PERSONAL,True
2026-01,E018,Gabriel Simon,Data & AI,160.0,160.0,104.0,104.0,48.0,0.0,8.0,2026-02-02,Approved,2026-02-04,Relevant Project Manager / Line Manager,0,0,PROJECT_MANAGEMENT_RESTRICTED_PERSONAL,True
2026-02,E018,Gabriel Simon,Data & AI,160.0,160.0,127.0,127.0,17.0,16.0,0.0,2026-03-02,Approved,2026-03-06,Relevant Project Manager / Line Manager,0,0,PROJECT_MANAGEMENT_RESTRICTED_PERSONAL,True
2026-03,E018,Gabriel Simon,Data & AI,200.0,200.0,180.5,180.5,19.5,0.0,0.0,2026-04-02,Approved,2026-04-05,Relevant Project Manager / Line Manager,0,0,PROJECT_MANAGEMENT_RESTRICTED_PERSONAL,True
2026-04,E018,Gabriel Simon,Data & AI,160.0,160.0,117.0,117.0,11.0,24.0,8.0,2026-05-02,Approved,2026-05-04,Relevant Project Manager / Line Manager,0,0,PROJECT_MANAGEMENT_RESTRICTED_PERSONAL,True
2026-05,E018,Gabriel Simon,Data & AI,160.0,160.0,133.0,133.0,11.0,0.0,16.0,2026-06-02,Pending,,Relevant Project Manager / Line Manager,0,3,PROJECT_MANAGEMENT_RESTRICTED_PERSONAL,True
2026-06,E018,Gabriel Simon,Data & AI,200.0,200.0,176.5,176.5,15.5,0.0,8.0,2026-07-02,Approved,2026-07-06,Relevant Project Manager / Line Manager,0,0,PROJECT_MANAGEMENT_RESTRICTED_PERSONAL,True
2026-07,E018,Gabriel Simon,Data & AI,160.0,160.0,141.5,141.5,18.5,0.0,0.0,2026-08-02,Approved,2026-08-05,Relevant Project Manager / Line Manager,0,0,PROJECT_MANAGEMENT_RESTRICTED_PERSONAL,True
2026-08,E018,Gabriel Simon,Data & AI,200.0,204.0,159.5,159.5,20.5,16.0,8.0,2026-09-02,Approved,2026-09-04,Relevant Project Manager / Line Manager,0,0,PROJECT_MANAGEMENT_RESTRICTED_PERSONAL,True
2026-09,E018,Gabriel Simon,Data & AI,160.0,160.0,141.5,141.5,18.5,0.0,0.0,2026-10-02,Approved,2026-10-06,Relevant Project Manager / Line Manager,0,0,PROJECT_MANAGEMENT_RESTRICTED_PERSONAL,True
2026-10,E018,Gabriel Simon,Data & AI,160.0,157.0,110.0,110.0,7.0,40.0,0.0,2026-11-02,Approved,2026-11-03,Relevant Project Manager / Line Manager,0,0,PROJECT_MANAGEMENT_RESTRICTED_PERSONAL,True
2026-11,E018,Gabriel Simon,Data & AI,200.0,200.0,122.5,122.5,45.5,24.0,8.0,2026-12-02,Approved,2026-12-05,Relevant Project Manager / Line Manager,0,0,PROJECT_MANAGEMENT_RESTRICTED_PERSONAL,True
2026-12,E018,Gabriel Simon,Data & AI,120.0,120.0,60.5,60.5,43.5,0.0,16.0,2027-01-02,Approved,2027-01-04,Relevant Project Manager / Line Manager,0,0,PROJECT_MANAGEMENT_RESTRICTED_PERSONAL,True
2026-01,E019,Eva Moreau,Data & AI,160.0,160.0,0.0,0.0,128.0,24.0,8.0,2026-02-02,Approved,2026-02-03,Relevant Project Manager / Line Manager,0,0,PROJECT_MANAGEMENT_RESTRICTED_PERSONAL,True
2026-02,E019,Eva Moreau,Data & AI,160.0,160.0,126.0,126.0,26.0,8.0,0.0,2026-03-02,Approved,2026-03-04,Relevant Project Manager / Line Manager,0,0,PROJECT_MANAGEMENT_RESTRICTED_PERSONAL,True
2026-03,E019,Eva Moreau,Data & AI,200.0,200.0,155.0,155.0,29.0,16.0,0.0,2026-04-02,Approved,2026-04-05,Relevant Project Manager / Line Manager,0,0,PROJECT_MANAGEMENT_RESTRICTED_PERSONAL,True
2026-04,E019,Eva Moreau,Data & AI,160.0,160.0,109.5,109.5,26.5,16.0,8.0,2026-05-02,Approved,2026-05-04,Relevant Project Manager / Line Manager,0,0,PROJECT_MANAGEMENT_RESTRICTED_PERSONAL,True
2026-05,E019,Eva Moreau,Data & AI,160.0,160.0,140.0,140.0,4.0,0.0,16.0,2026-06-02,Approved,2026-06-05,Relevant Project Manager / Line Manager,0,0,PROJECT_MANAGEMENT_RESTRICTED_PERSONAL,True
2026-06,E019,Eva Moreau,Data & AI,200.0,200.0,173.5,173.5,2.5,16.0,8.0,2026-07-02,Pending,,Relevant Project Manager / Line Manager,0,2,PROJECT_MANAGEMENT_RESTRICTED_PERSONAL,True
2026-07,E019,Eva Moreau,Data & AI,160.0,160.0,131.0,131.0,5.0,24.0,0.0,2026-08-02,Approved,2026-08-06,Relevant Project Manager / Line Manager,0,0,PROJECT_MANAGEMENT_RESTRICTED_PERSONAL,True
2026-08,E019,Eva Moreau,Data & AI,200.0,200.0,189.5,189.5,2.5,0.0,8.0,2026-09-02,Rejected,,Relevant Project Manager / Line Manager,2,0,PROJECT_MANAGEMENT_RESTRICTED_PERSONAL,True
2026-09,E019,Eva Moreau,Data & AI,160.0,160.0,160.0,160.0,0.0,0.0,0.0,2026-10-02,Pending,,Relevant Project Manager / Line Manager,0,2,PROJECT_MANAGEMENT_RESTRICTED_PERSONAL,True
2026-10,E019,Eva Moreau,Data & AI,160.0,160.0,142.0,142.0,2.0,16.0,0.0,2026-11-02,Approved,2026-11-05,Relevant Project Manager / Line Manager,0,0,PROJECT_MANAGEMENT_RESTRICTED_PERSONAL,True
2026-11,E019,Eva Moreau,Data & AI,200.0,200.0,190.5,190.5,1.5,0.0,8.0,2026-12-02,Approved,2026-12-03,Relevant Project Manager / Line Manager,0,0,PROJECT_MANAGEMENT_RESTRICTED_PERSONAL,True
2026-12,E019,Eva Moreau,Data & AI,120.0,120.0,79.0,79.0,25.0,0.0,16.0,2027-01-02,Approved,2027-01-05,Relevant Project Manager / Line Manager,0,0,PROJECT_MANAGEMENT_RESTRICTED_PERSONAL,True
2026-01,E020,Antoine Robert,Data & AI,160.0,160.0,102.0,102.0,50.0,0.0,8.0,2026-02-02,Approved,2026-02-04,Relevant Project Manager / Line Manager,0,0,PROJECT_MANAGEMENT_RESTRICTED_PERSONAL,True
2026-02,E020,Antoine Robert,Data & AI,160.0,160.0,150.5,150.5,1.5,8.0,0.0,2026-03-02,Approved,2026-03-03,Relevant Project Manager / Line Manager,0,0,PROJECT_MANAGEMENT_RESTRICTED_PERSONAL,True
2026-03,E020,Antoine Robert,Data & AI,200.0,200.0,198.5,198.5,1.5,0.0,0.0,2026-04-02,Approved,2026-04-05,Relevant Project Manager / Line Manager,0,0,PROJECT_MANAGEMENT_RESTRICTED_PERSONAL,True
2026-04,E020,Antoine Robert,Data & AI,160.0,160.0,146.0,146.0,6.0,0.0,8.0,2026-05-02,Approved,2026-05-03,Relevant Project Manager / Line Manager,0,0,PROJECT_MANAGEMENT_RESTRICTED_PERSONAL,True
2026-05,E020,Antoine Robert,Data & AI,160.0,160.0,125.5,125.5,2.5,16.0,16.0,2026-06-02,Approved,2026-06-05,Relevant Project Manager / Line Manager,0,0,PROJECT_MANAGEMENT_RESTRICTED_PERSONAL,True
2026-06,E020,Antoine Robert,Data & AI,200.0,200.0,185.5,185.5,6.5,0.0,8.0,2026-07-02,Approved,2026-07-06,Relevant Project Manager / Line Manager,0,0,PROJECT_MANAGEMENT_RESTRICTED_PERSONAL,True
2026-07,E020,Antoine Robert,Data & AI,160.0,160.0,157.5,157.5,2.5,0.0,0.0,2026-08-02,Approved,2026-08-05,Relevant Project Manager / Line Manager,0,0,PROJECT_MANAGEMENT_RESTRICTED_PERSONAL,True
2026-08,E020,Antoine Robert,Data & AI,200.0,200.0,149.0,149.0,3.0,40.0,8.0,2026-09-02,Approved,2026-09-06,Relevant Project Manager / Line Manager,0,0,PROJECT_MANAGEMENT_RESTRICTED_PERSONAL,True
2026-09,E020,Antoine Robert,Data & AI,160.0,160.0,131.5,131.5,4.5,24.0,0.0,2026-10-02,Approved,2026-10-04,Relevant Project Manager / Line Manager,0,0,PROJECT_MANAGEMENT_RESTRICTED_PERSONAL,True
2026-10,E020,Antoine Robert,Data & AI,160.0,160.0,138.0,138.0,6.0,16.0,0.0,2026-11-02,Approved,2026-11-04,Relevant Project Manager / Line Manager,0,0,PROJECT_MANAGEMENT_RESTRICTED_PERSONAL,True
2026-11,E020,Antoine Robert,Data & AI,200.0,204.0,126.0,126.0,54.0,16.0,8.0,2026-12-02,Pending,,Relevant Project Manager / Line Manager,0,2,PROJECT_MANAGEMENT_RESTRICTED_PERSONAL,True
2026-12,E020,Antoine Robert,Data & AI,120.0,120.0,56.5,56.5,47.5,0.0,16.0,2027-01-02,Approved,2027-01-06,Relevant Project Manager / Line Manager,0,0,PROJECT_MANAGEMENT_RESTRICTED_PERSONAL,True
2026-01,E021,Lea Nguyen,Data & AI,160.0,160.0,0.0,0.0,152.0,0.0,8.0,2026-02-02,Approved,2026-02-04,Relevant Project Manager / Line Manager,0,0,PROJECT_MANAGEMENT_RESTRICTED_PERSONAL,True
2026-02,E021,Lea Nguyen,Data & AI,160.0,160.0,130.5,130.5,29.5,0.0,0.0,2026-03-02,Approved,2026-03-05,Relevant Project Manager / Line Manager,0,0,PROJECT_MANAGEMENT_RESTRICTED_PERSONAL,True
2026-03,E021,Lea Nguyen,Data & AI,200.0,200.0,157.0,157.0,43.0,0.0,0.0,2026-04-02,Approved,2026-04-06,Relevant Project Manager / Line Manager,0,0,PROJECT_MANAGEMENT_RESTRICTED_PERSONAL,True
2026-04,E021,Lea Nguyen,Data & AI,160.0,160.0,108.5,108.5,27.5,16.0,8.0,2026-05-02,Approved,2026-05-05,Relevant Project Manager / Line Manager,0,0,PROJECT_MANAGEMENT_RESTRICTED_PERSONAL,True
2026-05,E021,Lea Nguyen,Data & AI,160.0,160.0,117.0,117.0,3.0,24.0,16.0,2026-06-02,Approved,2026-06-04,Relevant Project Manager / Line Manager,0,0,PROJECT_MANAGEMENT_RESTRICTED_PERSONAL,True
2026-06,E021,Lea Nguyen,Data & AI,200.0,200.0,169.5,169.5,6.5,16.0,8.0,2026-07-02,Approved,2026-07-06,Relevant Project Manager / Line Manager,0,0,PROJECT_MANAGEMENT_RESTRICTED_PERSONAL,True
2026-07,E021,Lea Nguyen,Data & AI,160.0,160.0,139.0,139.0,5.0,16.0,0.0,2026-08-02,Approved,2026-08-05,Relevant Project Manager / Line Manager,0,0,PROJECT_MANAGEMENT_RESTRICTED_PERSONAL,True
2026-08,E021,Lea Nguyen,Data & AI,200.0,199.5,149.5,149.5,2.0,40.0,8.0,2026-09-02,Rejected,,Relevant Project Manager / Line Manager,2,0,PROJECT_MANAGEMENT_RESTRICTED_PERSONAL,True
2026-09,E021,Lea Nguyen,Data & AI,160.0,160.0,151.0,151.0,1.0,8.0,0.0,2026-10-02,Approved,2026-10-05,Relevant Project Manager / Line Manager,0,0,PROJECT_MANAGEMENT_RESTRICTED_PERSONAL,True
2026-10,E021,Lea Nguyen,Data & AI,160.0,160.0,154.5,154.5,5.5,0.0,0.0,2026-11-02,Pending,,Relevant Project Manager / Line Manager,0,3,PROJECT_MANAGEMENT_RESTRICTED_PERSONAL,True
2026-11,E021,Lea Nguyen,Data & AI,200.0,200.0,189.5,189.5,2.5,0.0,8.0,2026-12-02,Approved,2026-12-06,Relevant Project Manager / Line Manager,0,0,PROJECT_MANAGEMENT_RESTRICTED_PERSONAL,True
2026-12,E021,Lea Nguyen,Data & AI,120.0,120.0,80.0,80.0,24.0,0.0,16.0,2027-01-02,Approved,2027-01-03,Relevant Project Manager / Line Manager,0,0,PROJECT_MANAGEMENT_RESTRICTED_PERSONAL,True
2026-01,E022,Hugo Laurent,Data & AI,160.0,160.0,0.0,0.0,152.0,0.0,8.0,2026-02-02,Approved,2026-02-04,Relevant Project Manager / Line Manager,0,0,PROJECT_MANAGEMENT_RESTRICTED_PERSONAL,True
2026-02,E022,Hugo Laurent,Data & AI,160.0,160.0,0.0,0.0,144.0,16.0,0.0,2026-03-02,Approved,2026-03-05,Relevant Project Manager / Line Manager,0,0,PROJECT_MANAGEMENT_RESTRICTED_PERSONAL,True
2026-03,E022,Hugo Laurent,Data & AI,200.0,200.0,128.0,128.0,56.0,16.0,0.0,2026-04-02,Approved,2026-04-04,Relevant Project Manager / Line Manager,0,0,PROJECT_MANAGEMENT_RESTRICTED_PERSONAL,True
2026-04,E022,Hugo Laurent,Data & AI,160.0,160.0,84.0,84.0,36.0,32.0,8.0,2026-05-02,Approved,2026-05-04,Relevant Project Manager / Line Manager,0,0,PROJECT_MANAGEMENT_RESTRICTED_PERSONAL,True
2026-05,E022,Hugo Laurent,Data & AI,160.0,160.0,117.0,117.0,3.0,24.0,16.0,2026-06-02,Pending,,Relevant Project Manager / Line Manager,0,2,PROJECT_MANAGEMENT_RESTRICTED_PERSONAL,True
2026-06,E022,Hugo Laurent,Data & AI,200.0,204.0,191.5,191.5,4.5,0.0,8.0,2026-07-02,Approved,2026-07-05,Relevant Project Manager / Line Manager,0,0,PROJECT_MANAGEMENT_RESTRICTED_PERSONAL,True
2026-07,E022,Hugo Laurent,Data & AI,160.0,160.0,141.0,141.0,3.0,16.0,0.0,2026-08-02,Approved,2026-08-06,Relevant Project Manager / Line Manager,0,0,PROJECT_MANAGEMENT_RESTRICTED_PERSONAL,True
2026-08,E022,Hugo Laurent,Data & AI,200.0,200.0,188.5,188.5,3.5,0.0,8.0,2026-09-02,Approved,2026-09-05,Relevant Project Manager / Line Manager,0,0,PROJECT_MANAGEMENT_RESTRICTED_PERSONAL,True
2026-09,E022,Hugo Laurent,Data & AI,160.0,160.0,139.5,139.5,4.5,16.0,0.0,2026-10-02,Approved,2026-10-06,Relevant Project Manager / Line Manager,0,0,PROJECT_MANAGEMENT_RESTRICTED_PERSONAL,True
2026-10,E022,Hugo Laurent,Data & AI,160.0,160.0,160.0,160.0,0.0,0.0,0.0,2026-11-02,Approved,2026-11-05,Relevant Project Manager / Line Manager,0,0,PROJECT_MANAGEMENT_RESTRICTED_PERSONAL,True
2026-11,E022,Hugo Laurent,Data & AI,200.0,200.0,185.5,185.5,6.5,0.0,8.0,2026-12-02,Approved,2026-12-03,Relevant Project Manager / Line Manager,0,0,PROJECT_MANAGEMENT_RESTRICTED_PERSONAL,True
2026-12,E022,Hugo Laurent,Data & AI,120.0,120.0,79.5,79.5,24.5,0.0,16.0,2027-01-02,Approved,2027-01-06,Relevant Project Manager / Line Manager,0,0,PROJECT_MANAGEMENT_RESTRICTED_PERSONAL,True
2026-01,E023,Mila Costa,Cloud & Platform,160.0,160.0,146.5,146.5,5.5,0.0,8.0,2026-02-02,Approved,2026-02-04,Relevant Project Manager / Line Manager,0,0,PROJECT_MANAGEMENT_RESTRICTED_PERSONAL,True
2026-02,E023,Mila Costa,Cloud & Platform,160.0,160.0,155.0,155.0,5.0,0.0,0.0,2026-03-02,Approved,2026-03-06,Relevant Project Manager / Line Manager,0,0,PROJECT_MANAGEMENT_RESTRICTED_PERSONAL,True
2026-03,E023,Mila Costa,Cloud & Platform,200.0,200.0,165.0,165.0,3.0,32.0,0.0,2026-04-02,Approved,2026-04-06,Relevant Project Manager / Line Manager,0,0,PROJECT_MANAGEMENT_RESTRICTED_PERSONAL,True
2026-04,E023,Mila Costa,Cloud & Platform,160.0,160.0,121.5,121.5,6.5,24.0,8.0,2026-05-02,Approved,2026-05-03,Relevant Project Manager / Line Manager,0,0,PROJECT_MANAGEMENT_RESTRICTED_PERSONAL,True
2026-05,E023,Mila Costa,Cloud & Platform,160.0,160.0,112.0,112.0,0.0,32.0,16.0,2026-06-02,Approved,2026-06-03,Relevant Project Manager / Line Manager,0,0,PROJECT_MANAGEMENT_RESTRICTED_PERSONAL,True
2026-06,E023,Mila Costa,Cloud & Platform,200.0,200.0,190.0,190.0,2.0,0.0,8.0,2026-07-02,Pending,,Relevant Project Manager / Line Manager,0,3,PROJECT_MANAGEMENT_RESTRICTED_PERSONAL,True
2026-07,E023,Mila Costa,Cloud & Platform,160.0,160.0,153.5,153.5,6.5,0.0,0.0,2026-08-02,Pending,,Relevant Project Manager / Line Manager,0,3,PROJECT_MANAGEMENT_RESTRICTED_PERSONAL,True
2026-08,E023,Mila Costa,Cloud & Platform,200.0,204.0,188.0,188.0,8.0,0.0,8.0,2026-09-02,Approved,2026-09-03,Relevant Project Manager / Line Manager,0,0,PROJECT_MANAGEMENT_RESTRICTED_PERSONAL,True
2026-09,E023,Mila Costa,Cloud & Platform,160.0,160.0,33.0,33.0,127.0,0.0,0.0,2026-10-02,Approved,2026-10-05,Relevant Project Manager / Line Manager,0,0,PROJECT_MANAGEMENT_RESTRICTED_PERSONAL,True
2026-10,E023,Mila Costa,Cloud & Platform,160.0,160.0,27.5,27.5,116.5,16.0,0.0,2026-11-02,Approved,2026-11-03,Relevant Project Manager / Line Manager,0,0,PROJECT_MANAGEMENT_RESTRICTED_PERSONAL,True
2026-11,E023,Mila Costa,Cloud & Platform,200.0,200.0,36.5,36.5,139.5,16.0,8.0,2026-12-02,Approved,2026-12-03,Relevant Project Manager / Line Manager,0,0,PROJECT_MANAGEMENT_RESTRICTED_PERSONAL,True
2026-12,E023,Mila Costa,Cloud & Platform,120.0,120.0,17.0,17.0,87.0,0.0,16.0,2027-01-02,Approved,2027-01-03,Relevant Project Manager / Line Manager,0,0,PROJECT_MANAGEMENT_RESTRICTED_PERSONAL,True
2026-01,E024,Louis Fontaine,Cloud & Platform,160.0,160.0,121.5,121.5,30.5,0.0,8.0,2026-02-02,Approved,2026-02-06,Relevant Project Manager / Line Manager,0,0,PROJECT_MANAGEMENT_RESTRICTED_PERSONAL,True
2026-02,E024,Louis Fontaine,Cloud & Platform,160.0,160.0,157.0,157.0,3.0,0.0,0.0,2026-03-02,Approved,2026-03-03,Relevant Project Manager / Line Manager,0,0,PROJECT_MANAGEMENT_RESTRICTED_PERSONAL,True
2026-03,E024,Louis Fontaine,Cloud & Platform,200.0,200.0,197.0,197.0,3.0,0.0,0.0,2026-04-02,Pending,,Relevant Project Manager / Line Manager,0,2,PROJECT_MANAGEMENT_RESTRICTED_PERSONAL,True
2026-04,E024,Louis Fontaine,Cloud & Platform,160.0,158.5,130.0,130.0,4.5,16.0,8.0,2026-05-02,Pending,,Relevant Project Manager / Line Manager,0,2,PROJECT_MANAGEMENT_RESTRICTED_PERSONAL,True
2026-05,E024,Louis Fontaine,Cloud & Platform,160.0,160.0,139.0,139.0,5.0,0.0,16.0,2026-06-02,Approved,2026-06-03,Relevant Project Manager / Line Manager,0,0,PROJECT_MANAGEMENT_RESTRICTED_PERSONAL,True
2026-06,E024,Louis Fontaine,Cloud & Platform,200.0,200.0,181.5,181.5,2.5,8.0,8.0,2026-07-02,Approved,2026-07-06,Relevant Project Manager / Line Manager,0,0,PROJECT_MANAGEMENT_RESTRICTED_PERSONAL,True
2026-07,E024,Louis Fontaine,Cloud & Platform,160.0,160.0,115.0,115.0,5.0,40.0,0.0,2026-08-02,Pending,,Relevant Project Manager / Line Manager,0,2,PROJECT_MANAGEMENT_RESTRICTED_PERSONAL,True
2026-08,E024,Louis Fontaine,Cloud & Platform,200.0,204.0,149.5,149.5,6.5,40.0,8.0,2026-09-02,Approved,2026-09-04,Relevant Project Manager / Line Manager,0,0,PROJECT_MANAGEMENT_RESTRICTED_PERSONAL,True
2026-09,E024,Louis Fontaine,Cloud & Platform,160.0,160.0,28.5,28.5,115.5,16.0,0.0,2026-10-02,Approved,2026-10-03,Relevant Project Manager / Line Manager,0,0,PROJECT_MANAGEMENT_RESTRICTED_PERSONAL,True
2026-10,E024,Louis Fontaine,Cloud & Platform,160.0,160.0,30.5,30.5,129.5,0.0,0.0,2026-11-02,Approved,2026-11-06,Relevant Project Manager / Line Manager,0,0,PROJECT_MANAGEMENT_RESTRICTED_PERSONAL,True
2026-11,E024,Louis Fontaine,Cloud & Platform,200.0,200.0,37.5,37.5,154.5,0.0,8.0,2026-12-02,Approved,2026-12-04,Relevant Project Manager / Line Manager,0,0,PROJECT_MANAGEMENT_RESTRICTED_PERSONAL,True
2026-12,E024,Louis Fontaine,Cloud & Platform,120.0,120.0,15.5,15.5,88.5,0.0,16.0,2027-01-02,Approved,2027-01-06,Relevant Project Manager / Line Manager,0,0,PROJECT_MANAGEMENT_RESTRICTED_PERSONAL,True
2026-01,E025,Camille Garcia,Cloud & Platform,160.0,160.0,152.0,152.0,0.0,0.0,8.0,2026-02-02,Approved,2026-02-05,Relevant Project Manager / Line Manager,0,0,PROJECT_MANAGEMENT_RESTRICTED_PERSONAL,True
2026-02,E025,Camille Garcia,Cloud & Platform,160.0,160.0,160.0,160.0,0.0,0.0,0.0,2026-03-02,Approved,2026-03-03,Relevant Project Manager / Line Manager,0,0,PROJECT_MANAGEMENT_RESTRICTED_PERSONAL,True
2026-03,E025,Camille Garcia,Cloud & Platform,200.0,200.0,195.0,195.0,5.0,0.0,0.0,2026-04-02,Approved,2026-04-06,Relevant Project Manager / Line Manager,0,0,PROJECT_MANAGEMENT_RESTRICTED_PERSONAL,True
2026-04,E025,Camille Garcia,Cloud & Platform,160.0,160.0,150.5,150.5,1.5,0.0,8.0,2026-05-02,Approved,2026-05-05,Relevant Project Manager / Line Manager,0,0,PROJECT_MANAGEMENT_RESTRICTED_PERSONAL,True
2026-05,E025,Camille Garcia,Cloud & Platform,160.0,160.0,120.0,120.0,0.0,24.0,16.0,2026-06-02,Approved,2026-06-05,Relevant Project Manager / Line Manager,0,0,PROJECT_MANAGEMENT_RESTRICTED_PERSONAL,True
2026-06,E025,Camille Garcia,Cloud & Platform,200.0,200.0,166.0,166.0,2.0,24.0,8.0,2026-07-02,Approved,2026-07-06,Relevant Project Manager / Line Manager,0,0,PROJECT_MANAGEMENT_RESTRICTED_PERSONAL,True
2026-07,E025,Camille Garcia,Cloud & Platform,160.0,160.0,144.0,144.0,0.0,16.0,0.0,2026-08-02,Approved,2026-08-05,Relevant Project Manager / Line Manager,0,0,PROJECT_MANAGEMENT_RESTRICTED_PERSONAL,True
2026-08,E025,Camille Garcia,Cloud & Platform,200.0,200.0,171.5,171.5,4.5,16.0,8.0,2026-09-02,Approved,2026-09-03,Relevant Project Manager / Line Manager,0,0,PROJECT_MANAGEMENT_RESTRICTED_PERSONAL,True
2026-09,E025,Camille Garcia,Cloud & Platform,160.0,160.0,49.5,49.5,110.5,0.0,0.0,2026-10-02,Approved,2026-10-06,Relevant Project Manager / Line Manager,0,0,PROJECT_MANAGEMENT_RESTRICTED_PERSONAL,True
2026-10,E025,Camille Garcia,Cloud & Platform,160.0,160.0,0.0,0.0,144.0,16.0,0.0,2026-11-02,Approved,2026-11-05,Relevant Project Manager / Line Manager,0,0,PROJECT_MANAGEMENT_RESTRICTED_PERSONAL,True
2026-11,E025,Camille Garcia,Cloud & Platform,200.0,200.0,0.0,0.0,168.0,24.0,8.0,2026-12-02,Approved,2026-12-06,Relevant Project Manager / Line Manager,0,0,PROJECT_MANAGEMENT_RESTRICTED_PERSONAL,True
2026-12,E025,Camille Garcia,Cloud & Platform,120.0,120.0,0.0,0.0,104.0,0.0,16.0,2027-01-02,Approved,2027-01-05,Relevant Project Manager / Line Manager,0,0,PROJECT_MANAGEMENT_RESTRICTED_PERSONAL,True
2026-01,E026,Noah Durand,Cybersecurity,160.0,154.0,138.5,138.5,7.5,0.0,8.0,2026-02-02,Rejected,,Relevant Project Manager / Line Manager,3,0,PROJECT_MANAGEMENT_RESTRICTED_PERSONAL,True
2026-02,E026,Noah Durand,Cybersecurity,160.0,160.0,158.0,158.0,2.0,0.0,0.0,2026-03-02,Approved,2026-03-06,Relevant Project Manager / Line Manager,0,0,PROJECT_MANAGEMENT_RESTRICTED_PERSONAL,True
2026-03,E026,Noah Durand,Cybersecurity,200.0,200.0,180.0,180.0,4.0,16.0,0.0,2026-04-02,Approved,2026-04-05,Relevant Project Manager / Line Manager,0,0,PROJECT_MANAGEMENT_RESTRICTED_PERSONAL,True
2026-04,E026,Noah Durand,Cybersecurity,160.0,164.5,142.5,142.5,6.0,8.0,8.0,2026-05-02,Approved,2026-05-06,Relevant Project Manager / Line Manager,0,0,PROJECT_MANAGEMENT_RESTRICTED_PERSONAL,True
2026-05,E026,Noah Durand,Cybersecurity,160.0,160.5,141.0,141.0,3.5,0.0,16.0,2026-06-02,Approved,2026-06-03,Relevant Project Manager / Line Manager,0,0,PROJECT_MANAGEMENT_RESTRICTED_PERSONAL,True
2026-06,E026,Noah Durand,Cybersecurity,200.0,200.0,147.0,147.0,5.0,40.0,8.0,2026-07-02,Approved,2026-07-04,Relevant Project Manager / Line Manager,0,0,PROJECT_MANAGEMENT_RESTRICTED_PERSONAL,True
2026-07,E026,Noah Durand,Cybersecurity,160.0,160.0,158.5,158.5,1.5,0.0,0.0,2026-08-02,Approved,2026-08-03,Relevant Project Manager / Line Manager,0,0,PROJECT_MANAGEMENT_RESTRICTED_PERSONAL,True
2026-08,E026,Noah Durand,Cybersecurity,200.0,200.5,172.5,172.5,4.0,16.0,8.0,2026-09-02,Approved,2026-09-05,Relevant Project Manager / Line Manager,0,0,PROJECT_MANAGEMENT_RESTRICTED_PERSONAL,True
2026-09,E026,Noah Durand,Cybersecurity,160.0,161.0,143.5,143.5,1.5,16.0,0.0,2026-10-02,Approved,2026-10-03,Relevant Project Manager / Line Manager,0,0,PROJECT_MANAGEMENT_RESTRICTED_PERSONAL,True
2026-10,E026,Noah Durand,Cybersecurity,160.0,160.0,156.0,156.0,4.0,0.0,0.0,2026-11-02,Approved,2026-11-04,Relevant Project Manager / Line Manager,0,0,PROJECT_MANAGEMENT_RESTRICTED_PERSONAL,True
2026-11,E026,Noah Durand,Cybersecurity,200.0,200.5,188.5,188.5,4.0,0.0,8.0,2026-12-02,Pending,,Relevant Project Manager / Line Manager,0,4,PROJECT_MANAGEMENT_RESTRICTED_PERSONAL,True
2026-12,E026,Noah Durand,Cybersecurity,120.0,120.0,32.0,32.0,48.0,24.0,16.0,2027-01-02,Approved,2027-01-03,Relevant Project Manager / Line Manager,0,0,PROJECT_MANAGEMENT_RESTRICTED_PERSONAL,True
2026-01,E027,Emma Lopez,Cybersecurity,160.0,158.0,104.5,104.5,37.5,8.0,8.0,2026-02-02,Approved,2026-02-03,Relevant Project Manager / Line Manager,0,0,PROJECT_MANAGEMENT_RESTRICTED_PERSONAL,True
2026-02,E027,Emma Lopez,Cybersecurity,160.0,158.5,158.0,158.0,0.5,0.0,0.0,2026-03-02,Rejected,,Relevant Project Manager / Line Manager,3,0,PROJECT_MANAGEMENT_RESTRICTED_PERSONAL,True
2026-03,E027,Emma Lopez,Cybersecurity,200.0,200.0,181.0,181.0,3.0,16.0,0.0,2026-04-02,Approved,2026-04-06,Relevant Project Manager / Line Manager,0,0,PROJECT_MANAGEMENT_RESTRICTED_PERSONAL,True
2026-04,E027,Emma Lopez,Cybersecurity,160.0,160.5,150.0,150.0,2.5,0.0,8.0,2026-05-02,Approved,2026-05-04,Relevant Project Manager / Line Manager,0,0,PROJECT_MANAGEMENT_RESTRICTED_PERSONAL,True
2026-05,E027,Emma Lopez,Cybersecurity,160.0,160.5,144.0,144.0,0.5,0.0,16.0,2026-06-02,Pending,,Relevant Project Manager / Line Manager,0,3,PROJECT_MANAGEMENT_RESTRICTED_PERSONAL,True
2026-06,E027,Emma Lopez,Cybersecurity,200.0,201.0,191.0,191.0,2.0,0.0,8.0,2026-07-02,Rejected,,Relevant Project Manager / Line Manager,3,0,PROJECT_MANAGEMENT_RESTRICTED_PERSONAL,True
2026-07,E027,Emma Lopez,Cybersecurity,160.0,162.5,142.0,142.0,4.5,16.0,0.0,2026-08-02,Approved,2026-08-05,Relevant Project Manager / Line Manager,0,0,PROJECT_MANAGEMENT_RESTRICTED_PERSONAL,True
2026-08,E027,Emma Lopez,Cybersecurity,200.0,200.5,135.5,135.5,1.0,56.0,8.0,2026-09-02,Approved,2026-09-06,Relevant Project Manager / Line Manager,0,0,PROJECT_MANAGEMENT_RESTRICTED_PERSONAL,True
2026-09,E027,Emma Lopez,Cybersecurity,160.0,160.0,82.0,82.0,54.0,24.0,0.0,2026-10-02,Approved,2026-10-04,Relevant Project Manager / Line Manager,0,0,PROJECT_MANAGEMENT_RESTRICTED_PERSONAL,True
2026-10,E027,Emma Lopez,Cybersecurity,160.0,154.0,94.5,94.5,59.5,0.0,0.0,2026-11-02,Rejected,,Relevant Project Manager / Line Manager,3,0,PROJECT_MANAGEMENT_RESTRICTED_PERSONAL,True
2026-11,E027,Emma Lopez,Cybersecurity,200.0,200.0,116.0,116.0,76.0,0.0,8.0,2026-12-02,Approved,2026-12-05,Relevant Project Manager / Line Manager,0,0,PROJECT_MANAGEMENT_RESTRICTED_PERSONAL,True
2026-12,E027,Emma Lopez,Cybersecurity,120.0,120.0,46.5,46.5,57.5,0.0,16.0,2027-01-02,Approved,2027-01-06,Relevant Project Manager / Line Manager,0,0,PROJECT_MANAGEMENT_RESTRICTED_PERSONAL,True
2026-01,E028,Arthur Mercier,Consulting,160.0,160.0,106.0,106.0,46.0,0.0,8.0,2026-02-02,Approved,2026-02-06,Relevant Project Manager / Line Manager,0,0,PROJECT_MANAGEMENT_RESTRICTED_PERSONAL,True
2026-02,E028,Arthur Mercier,Consulting,160.0,160.0,159.5,159.5,0.5,0.0,0.0,2026-03-02,Rejected,,Relevant Project Manager / Line Manager,3,0,PROJECT_MANAGEMENT_RESTRICTED_PERSONAL,True
2026-03,E028,Arthur Mercier,Consulting,200.0,200.0,173.0,173.0,3.0,24.0,0.0,2026-04-02,Approved,2026-04-04,Relevant Project Manager / Line Manager,0,0,PROJECT_MANAGEMENT_RESTRICTED_PERSONAL,True
2026-04,E028,Arthur Mercier,Consulting,160.0,160.0,148.5,148.5,3.5,0.0,8.0,2026-05-02,Approved,2026-05-03,Relevant Project Manager / Line Manager,0,0,PROJECT_MANAGEMENT_RESTRICTED_PERSONAL,True
2026-05,E028,Arthur Mercier,Consulting,160.0,160.0,142.5,142.5,1.5,0.0,16.0,2026-06-02,Approved,2026-06-04,Relevant Project Manager / Line Manager,0,0,PROJECT_MANAGEMENT_RESTRICTED_PERSONAL,True
2026-06,E028,Arthur Mercier,Consulting,200.0,200.0,166.5,166.5,1.5,24.0,8.0,2026-07-02,Approved,2026-07-04,Relevant Project Manager / Line Manager,0,0,PROJECT_MANAGEMENT_RESTRICTED_PERSONAL,True
2026-07,E028,Arthur Mercier,Consulting,160.0,160.5,157.5,157.5,3.0,0.0,0.0,2026-08-02,Approved,2026-08-06,Relevant Project Manager / Line Manager,0,0,PROJECT_MANAGEMENT_RESTRICTED_PERSONAL,True
2026-08,E028,Arthur Mercier,Consulting,200.0,200.0,173.5,173.5,2.5,16.0,8.0,2026-09-02,Approved,2026-09-04,Relevant Project Manager / Line Manager,0,0,PROJECT_MANAGEMENT_RESTRICTED_PERSONAL,True
2026-09,E028,Arthur Mercier,Consulting,160.0,160.5,120.5,120.5,0.0,40.0,0.0,2026-10-02,Approved,2026-10-04,Relevant Project Manager / Line Manager,0,0,PROJECT_MANAGEMENT_RESTRICTED_PERSONAL,True
2026-10,E028,Arthur Mercier,Consulting,160.0,160.0,157.0,157.0,3.0,0.0,0.0,2026-11-02,Approved,2026-11-05,Relevant Project Manager / Line Manager,0,0,PROJECT_MANAGEMENT_RESTRICTED_PERSONAL,True
2026-11,E028,Arthur Mercier,Consulting,200.0,200.0,121.5,121.5,54.5,16.0,8.0,2026-12-02,Approved,2026-12-06,Relevant Project Manager / Line Manager,0,0,PROJECT_MANAGEMENT_RESTRICTED_PERSONAL,True
2026-12,E028,Arthur Mercier,Consulting,120.0,120.0,38.0,38.0,66.0,0.0,16.0,2027-01-02,Approved,2027-01-06,Relevant Project Manager / Line Manager,0,0,PROJECT_MANAGEMENT_RESTRICTED_PERSONAL,True
2026-01,E029,Chloé Diallo,Consulting,160.0,160.0,0.0,0.0,152.0,0.0,8.0,2026-02-02,Approved,2026-02-03,Relevant Project Manager / Line Manager,0,0,PROJECT_MANAGEMENT_RESTRICTED_PERSONAL,True
2026-02,E029,Chloé Diallo,Consulting,160.0,160.0,65.5,65.5,94.5,0.0,0.0,2026-03-02,Approved,2026-03-05,Relevant Project Manager / Line Manager,0,0,PROJECT_MANAGEMENT_RESTRICTED_PERSONAL,True
2026-03,E029,Chloé Diallo,Consulting,200.0,200.0,180.5,180.5,3.5,16.0,0.0,2026-04-02,Approved,2026-04-05,Relevant Project Manager / Line Manager,0,0,PROJECT_MANAGEMENT_RESTRICTED_PERSONAL,True
2026-04,E029,Chloé Diallo,Consulting,160.0,158.5,150.5,150.5,0.0,0.0,8.0,2026-05-02,Approved,2026-05-05,Relevant Project Manager / Line Manager,0,0,PROJECT_MANAGEMENT_RESTRICTED_PERSONAL,True
2026-05,E029,Chloé Diallo,Consulting,160.0,160.0,119.5,119.5,0.5,24.0,16.0,2026-06-02,Approved,2026-06-05,Relevant Project Manager / Line Manager,0,0,PROJECT_MANAGEMENT_RESTRICTED_PERSONAL,True
2026-06,E029,Chloé Diallo,Consulting,200.0,200.0,178.5,178.5,5.5,8.0,8.0,2026-07-02,Approved,2026-07-05,Relevant Project Manager / Line Manager,0,0,PROJECT_MANAGEMENT_RESTRICTED_PERSONAL,True
2026-07,E029,Chloé Diallo,Consulting,160.0,160.0,157.5,157.5,2.5,0.0,0.0,2026-08-02,Approved,2026-08-06,Relevant Project Manager / Line Manager,0,0,PROJECT_MANAGEMENT_RESTRICTED_PERSONAL,True
2026-08,E029,Chloé Diallo,Consulting,200.0,200.0,174.0,174.0,2.0,16.0,8.0,2026-09-02,Pending,,Relevant Project Manager / Line Manager,0,2,PROJECT_MANAGEMENT_RESTRICTED_PERSONAL,True
2026-09,E029,Chloé Diallo,Consulting,160.0,160.0,141.5,141.5,2.5,16.0,0.0,2026-10-02,Approved,2026-10-05,Relevant Project Manager / Line Manager,0,0,PROJECT_MANAGEMENT_RESTRICTED_PERSONAL,True
2026-10,E029,Chloé Diallo,Consulting,160.0,160.0,140.0,140.0,4.0,16.0,0.0,2026-11-02,Approved,2026-11-04,Relevant Project Manager / Line Manager,0,0,PROJECT_MANAGEMENT_RESTRICTED_PERSONAL,True
2026-11,E029,Chloé Diallo,Consulting,200.0,200.0,116.5,116.5,75.5,0.0,8.0,2026-12-02,Approved,2026-12-03,Relevant Project Manager / Line Manager,0,0,PROJECT_MANAGEMENT_RESTRICTED_PERSONAL,True
2026-12,E029,Chloé Diallo,Consulting,120.0,120.0,36.0,36.0,44.0,24.0,16.0,2027-01-02,Approved,2027-01-05,Relevant Project Manager / Line Manager,0,0,PROJECT_MANAGEMENT_RESTRICTED_PERSONAL,True
2026-01,E030,Rayan Fischer,Applications,160.0,160.0,151.5,151.5,0.5,0.0,8.0,2026-02-02,Approved,2026-02-03,Relevant Project Manager / Line Manager,0,0,PROJECT_MANAGEMENT_RESTRICTED_PERSONAL,True
2026-02,E030,Rayan Fischer,Applications,160.0,160.0,156.5,156.5,3.5,0.0,0.0,2026-03-02,Approved,2026-03-04,Relevant Project Manager / Line Manager,0,0,PROJECT_MANAGEMENT_RESTRICTED_PERSONAL,True
2026-03,E030,Rayan Fischer,Applications,200.0,200.5,168.5,168.5,0.0,32.0,0.0,2026-04-02,Pending,,Relevant Project Manager / Line Manager,0,3,PROJECT_MANAGEMENT_RESTRICTED_PERSONAL,True
2026-04,E030,Rayan Fischer,Applications,160.0,160.0,149.0,149.0,3.0,0.0,8.0,2026-05-02,Approved,2026-05-05,Relevant Project Manager / Line Manager,0,0,PROJECT_MANAGEMENT_RESTRICTED_PERSONAL,True
2026-05,E030,Rayan Fischer,Applications,160.0,160.5,140.0,140.0,4.5,0.0,16.0,2026-06-02,Approved,2026-06-06,Relevant Project Manager / Line Manager,0,0,PROJECT_MANAGEMENT_RESTRICTED_PERSONAL,True
2026-06,E030,Rayan Fischer,Applications,200.0,200.0,181.0,181.0,3.0,8.0,8.0,2026-07-02,Approved,2026-07-03,Relevant Project Manager / Line Manager,0,0,PROJECT_MANAGEMENT_RESTRICTED_PERSONAL,True
2026-07,E030,Rayan Fischer,Applications,160.0,159.5,157.0,157.0,2.5,0.0,0.0,2026-08-02,Rejected,,Relevant Project Manager / Line Manager,3,0,PROJECT_MANAGEMENT_RESTRICTED_PERSONAL,True
2026-08,E030,Rayan Fischer,Applications,200.0,200.0,141.0,141.0,3.0,48.0,8.0,2026-09-02,Approved,2026-09-06,Relevant Project Manager / Line Manager,0,0,PROJECT_MANAGEMENT_RESTRICTED_PERSONAL,True
2026-09,E030,Rayan Fischer,Applications,160.0,160.0,126.0,126.0,2.0,32.0,0.0,2026-10-02,Approved,2026-10-06,Relevant Project Manager / Line Manager,0,0,PROJECT_MANAGEMENT_RESTRICTED_PERSONAL,True
2026-10,E030,Rayan Fischer,Applications,160.0,160.0,117.0,117.0,43.0,0.0,0.0,2026-11-02,Approved,2026-11-04,Relevant Project Manager / Line Manager,0,0,PROJECT_MANAGEMENT_RESTRICTED_PERSONAL,True
2026-11,E030,Rayan Fischer,Applications,200.0,200.0,130.5,130.5,61.5,0.0,8.0,2026-12-02,Approved,2026-12-06,Relevant Project Manager / Line Manager,0,0,PROJECT_MANAGEMENT_RESTRICTED_PERSONAL,True
2026-12,E030,Rayan Fischer,Applications,120.0,120.0,16.0,16.0,88.0,0.0,16.0,2027-01-02,Approved,2027-01-05,Relevant Project Manager / Line Manager,0,0,PROJECT_MANAGEMENT_RESTRICTED_PERSONAL,True
2026-01,E031,Lucie Pereira,Applications,160.0,160.0,109.0,109.0,27.0,16.0,8.0,2026-02-02,Approved,2026-02-04,Relevant Project Manager / Line Manager,0,0,PROJECT_MANAGEMENT_RESTRICTED_PERSONAL,True
2026-02,E031,Lucie Pereira,Applications,160.0,160.0,114.5,114.5,29.5,16.0,0.0,2026-03-02,Approved,2026-03-05,Relevant Project Manager / Line Manager,0,0,PROJECT_MANAGEMENT_RESTRICTED_PERSONAL,True
2026-03,E031,Lucie Pereira,Applications,200.0,200.5,173.5,173.5,3.0,24.0,0.0,2026-04-02,Approved,2026-04-04,Relevant Project Manager / Line Manager,0,0,PROJECT_MANAGEMENT_RESTRICTED_PERSONAL,True
2026-04,E031,Lucie Pereira,Applications,160.0,160.5,132.0,132.0,4.5,16.0,8.0,2026-05-02,Approved,2026-05-06,Relevant Project Manager / Line Manager,0,0,PROJECT_MANAGEMENT_RESTRICTED_PERSONAL,True
2026-05,E031,Lucie Pereira,Applications,160.0,160.0,143.5,143.5,0.5,0.0,16.0,2026-06-02,Approved,2026-06-05,Relevant Project Manager / Line Manager,0,0,PROJECT_MANAGEMENT_RESTRICTED_PERSONAL,True
2026-06,E031,Lucie Pereira,Applications,200.0,200.5,174.5,174.5,2.0,16.0,8.0,2026-07-02,Rejected,,Relevant Project Manager / Line Manager,3,0,PROJECT_MANAGEMENT_RESTRICTED_PERSONAL,True
2026-07,E031,Lucie Pereira,Applications,160.0,160.0,131.5,131.5,4.5,24.0,0.0,2026-08-02,Rejected,,Relevant Project Manager / Line Manager,3,0,PROJECT_MANAGEMENT_RESTRICTED_PERSONAL,True
2026-08,E031,Lucie Pereira,Applications,200.0,200.0,181.5,181.5,2.5,8.0,8.0,2026-09-02,Pending,,Relevant Project Manager / Line Manager,0,4,PROJECT_MANAGEMENT_RESTRICTED_PERSONAL,True
2026-09,E031,Lucie Pereira,Applications,160.0,160.0,158.0,158.0,2.0,0.0,0.0,2026-10-02,Approved,2026-10-06,Relevant Project Manager / Line Manager,0,0,PROJECT_MANAGEMENT_RESTRICTED_PERSONAL,True
2026-10,E031,Lucie Pereira,Applications,160.0,160.0,112.5,112.5,47.5,0.0,0.0,2026-11-02,Approved,2026-11-03,Relevant Project Manager / Line Manager,0,0,PROJECT_MANAGEMENT_RESTRICTED_PERSONAL,True
2026-11,E031,Lucie Pereira,Applications,200.0,200.0,132.0,132.0,60.0,0.0,8.0,2026-12-02,Approved,2026-12-05,Relevant Project Manager / Line Manager,0,0,PROJECT_MANAGEMENT_RESTRICTED_PERSONAL,True
2026-12,E031,Lucie Pereira,Applications,120.0,106.0,55.0,55.0,35.0,0.0,16.0,2027-01-02,Rejected,,Relevant Project Manager / Line Manager,4,0,PROJECT_MANAGEMENT_RESTRICTED_PERSONAL,True
2026-01,E032,Maxime Richard,Applications,160.0,162.0,104.5,104.5,49.5,0.0,8.0,2026-02-02,Pending,,Relevant Project Manager / Line Manager,0,3,PROJECT_MANAGEMENT_RESTRICTED_PERSONAL,True
2026-02,E032,Maxime Richard,Applications,160.0,166.0,102.0,102.0,48.0,16.0,0.0,2026-03-02,Approved,2026-03-03,Relevant Project Manager / Line Manager,0,0,PROJECT_MANAGEMENT_RESTRICTED_PERSONAL,True
2026-03,E032,Maxime Richard,Applications,200.0,202.0,136.0,136.0,66.0,0.0,0.0,2026-04-02,Approved,2026-04-06,Relevant Project Manager / Line Manager,0,0,PROJECT_MANAGEMENT_RESTRICTED_PERSONAL,True
2026-04,E032,Maxime Richard,Applications,160.0,160.0,104.5,104.5,47.5,0.0,8.0,2026-05-02,Approved,2026-05-04,Relevant Project Manager / Line Manager,0,0,PROJECT_MANAGEMENT_RESTRICTED_PERSONAL,True
2026-05,E032,Maxime Richard,Applications,160.0,160.0,128.0,128.0,0.0,16.0,16.0,2026-06-02,Approved,2026-06-04,Relevant Project Manager / Line Manager,0,0,PROJECT_MANAGEMENT_RESTRICTED_PERSONAL,True
2026-06,E032,Maxime Richard,Applications,200.0,200.5,165.5,165.5,3.0,24.0,8.0,2026-07-02,Pending,,Relevant Project Manager / Line Manager,0,4,PROJECT_MANAGEMENT_RESTRICTED_PERSONAL,True
2026-07,E032,Maxime Richard,Applications,160.0,160.5,144.0,144.0,0.5,16.0,0.0,2026-08-02,Approved,2026-08-04,Relevant Project Manager / Line Manager,0,0,PROJECT_MANAGEMENT_RESTRICTED_PERSONAL,True
2026-08,E032,Maxime Richard,Applications,200.0,201.0,167.0,167.0,2.0,24.0,8.0,2026-09-02,Approved,2026-09-03,Relevant Project Manager / Line Manager,0,0,PROJECT_MANAGEMENT_RESTRICTED_PERSONAL,True
2026-09,E032,Maxime Richard,Applications,160.0,160.0,158.0,158.0,2.0,0.0,0.0,2026-10-02,Rejected,,Relevant Project Manager / Line Manager,3,0,PROJECT_MANAGEMENT_RESTRICTED_PERSONAL,True
2026-10,E032,Maxime Richard,Applications,160.0,160.0,117.0,117.0,43.0,0.0,0.0,2026-11-02,Pending,,Relevant Project Manager / Line Manager,0,3,PROJECT_MANAGEMENT_RESTRICTED_PERSONAL,True
2026-11,E032,Maxime Richard,Applications,200.0,200.0,119.5,119.5,56.5,16.0,8.0,2026-12-02,Approved,2026-12-03,Relevant Project Manager / Line Manager,0,0,PROJECT_MANAGEMENT_RESTRICTED_PERSONAL,True
2026-12,E032,Maxime Richard,Applications,120.0,120.0,22.0,22.0,74.0,8.0,16.0,2027-01-02,Pending,,Relevant Project Manager / Line Manager,0,2,PROJECT_MANAGEMENT_RESTRICTED_PERSONAL,True
2026-01,E033,Aya Bauer,Sales,160.0,160.0,0.0,0.0,152.0,0.0,8.0,2026-02-02,Approved,2026-02-03,Relevant Project Manager / Line Manager,0,0,PROJECT_MANAGEMENT_RESTRICTED_PERSONAL,True
2026-02,E033,Aya Bauer,Sales,160.0,156.0,15.5,15.5,140.5,0.0,0.0,2026-03-02,Pending,,Relevant Project Manager / Line Manager,0,2,PROJECT_MANAGEMENT_RESTRICTED_PERSONAL,True
2026-03,E033,Aya Bauer,Sales,200.0,200.0,19.5,19.5,164.5,16.0,0.0,2026-04-02,Pending,,Relevant Project Manager / Line Manager,0,2,PROJECT_MANAGEMENT_RESTRICTED_PERSONAL,True
2026-04,E033,Aya Bauer,Sales,160.0,152.0,16.0,16.0,128.0,0.0,8.0,2026-05-02,Rejected,,Relevant Project Manager / Line Manager,2,0,PROJECT_MANAGEMENT_RESTRICTED_PERSONAL,True
2026-05,E033,Aya Bauer,Sales,160.0,160.0,26.5,26.5,101.5,16.0,16.0,2026-06-02,Approved,2026-06-03,Relevant Project Manager / Line Manager,0,0,PROJECT_MANAGEMENT_RESTRICTED_PERSONAL,True
2026-06,E033,Aya Bauer,Sales,200.0,200.0,35.5,35.5,140.5,16.0,8.0,2026-07-02,Approved,2026-07-03,Relevant Project Manager / Line Manager,0,0,PROJECT_MANAGEMENT_RESTRICTED_PERSONAL,True
2026-07,E033,Aya Bauer,Sales,160.0,160.0,31.0,31.0,129.0,0.0,0.0,2026-08-02,Approved,2026-08-04,Relevant Project Manager / Line Manager,0,0,PROJECT_MANAGEMENT_RESTRICTED_PERSONAL,True
2026-08,E033,Aya Bauer,Sales,200.0,200.0,38.5,38.5,153.5,0.0,8.0,2026-09-02,Approved,2026-09-04,Relevant Project Manager / Line Manager,0,0,PROJECT_MANAGEMENT_RESTRICTED_PERSONAL,True
2026-09,E033,Aya Bauer,Sales,160.0,160.0,32.0,32.0,128.0,0.0,0.0,2026-10-02,Approved,2026-10-05,Relevant Project Manager / Line Manager,0,0,PROJECT_MANAGEMENT_RESTRICTED_PERSONAL,True
2026-10,E033,Aya Bauer,Sales,160.0,160.0,28.5,28.5,115.5,16.0,0.0,2026-11-02,Approved,2026-11-06,Relevant Project Manager / Line Manager,0,0,PROJECT_MANAGEMENT_RESTRICTED_PERSONAL,True
2026-11,E033,Aya Bauer,Sales,200.0,200.0,31.5,31.5,128.5,32.0,8.0,2026-12-02,Approved,2026-12-04,Relevant Project Manager / Line Manager,0,0,PROJECT_MANAGEMENT_RESTRICTED_PERSONAL,True
2026-12,E033,Aya Bauer,Sales,120.0,120.0,11.5,11.5,68.5,24.0,16.0,2027-01-02,Approved,2027-01-06,Relevant Project Manager / Line Manager,0,0,PROJECT_MANAGEMENT_RESTRICTED_PERSONAL,True
2026-01,E034,Victor Renard,Sales,160.0,160.0,16.5,16.5,135.5,0.0,8.0,2026-02-02,Approved,2026-02-06,Relevant Project Manager / Line Manager,0,0,PROJECT_MANAGEMENT_RESTRICTED_PERSONAL,True
2026-02,E034,Victor Renard,Sales,160.0,160.0,12.5,12.5,107.5,40.0,0.0,2026-03-02,Approved,2026-03-03,Relevant Project Manager / Line Manager,0,0,PROJECT_MANAGEMENT_RESTRICTED_PERSONAL,True
2026-03,E034,Victor Renard,Sales,200.0,200.0,19.0,19.0,181.0,0.0,0.0,2026-04-02,Pending,,Relevant Project Manager / Line Manager,0,2,PROJECT_MANAGEMENT_RESTRICTED_PERSONAL,True
2026-04,E034,Victor Renard,Sales,160.0,160.0,29.5,29.5,122.5,0.0,8.0,2026-05-02,Approved,2026-05-04,Relevant Project Manager / Line Manager,0,0,PROJECT_MANAGEMENT_RESTRICTED_PERSONAL,True
2026-05,E034,Victor Renard,Sales,160.0,160.0,29.5,29.5,114.5,0.0,16.0,2026-06-02,Approved,2026-06-03,Relevant Project Manager / Line Manager,0,0,PROJECT_MANAGEMENT_RESTRICTED_PERSONAL,True
2026-06,E034,Victor Renard,Sales,200.0,200.0,34.5,34.5,133.5,24.0,8.0,2026-07-02,Approved,2026-07-05,Relevant Project Manager / Line Manager,0,0,PROJECT_MANAGEMENT_RESTRICTED_PERSONAL,True
2026-07,E034,Victor Renard,Sales,160.0,160.0,32.0,32.0,128.0,0.0,0.0,2026-08-02,Approved,2026-08-03,Relevant Project Manager / Line Manager,0,0,PROJECT_MANAGEMENT_RESTRICTED_PERSONAL,True
2026-08,E034,Victor Renard,Sales,200.0,200.0,35.5,35.5,140.5,16.0,8.0,2026-09-02,Approved,2026-09-05,Relevant Project Manager / Line Manager,0,0,PROJECT_MANAGEMENT_RESTRICTED_PERSONAL,True
2026-09,E034,Victor Renard,Sales,160.0,160.0,28.0,28.0,116.0,16.0,0.0,2026-10-02,Approved,2026-10-05,Relevant Project Manager / Line Manager,0,0,PROJECT_MANAGEMENT_RESTRICTED_PERSONAL,True
2026-10,E034,Victor Renard,Sales,160.0,160.0,33.0,33.0,127.0,0.0,0.0,2026-11-02,Approved,2026-11-03,Relevant Project Manager / Line Manager,0,0,PROJECT_MANAGEMENT_RESTRICTED_PERSONAL,True
2026-11,E034,Victor Renard,Sales,200.0,200.0,36.5,36.5,147.5,8.0,8.0,2026-12-02,Approved,2026-12-05,Relevant Project Manager / Line Manager,0,0,PROJECT_MANAGEMENT_RESTRICTED_PERSONAL,True
2026-12,E034,Victor Renard,Sales,120.0,120.0,13.0,13.0,75.0,16.0,16.0,2027-01-02,Approved,2027-01-04,Relevant Project Manager / Line Manager,0,0,PROJECT_MANAGEMENT_RESTRICTED_PERSONAL,True
2026-01,E035,Alice Meier,HR,160.0,160.0,0.0,0.0,128.0,24.0,8.0,2026-02-02,Approved,2026-02-05,Relevant Project Manager / Line Manager,0,0,PROJECT_MANAGEMENT_RESTRICTED_PERSONAL,True
2026-02,E035,Alice Meier,HR,160.0,160.0,0.0,0.0,144.0,16.0,0.0,2026-03-02,Approved,2026-03-03,Relevant Project Manager / Line Manager,0,0,PROJECT_MANAGEMENT_RESTRICTED_PERSONAL,True
2026-03,E035,Alice Meier,HR,200.0,200.0,0.0,0.0,200.0,0.0,0.0,2026-04-02,Approved,2026-04-05,Relevant Project Manager / Line Manager,0,0,PROJECT_MANAGEMENT_RESTRICTED_PERSONAL,True
2026-04,E035,Alice Meier,HR,160.0,160.0,0.0,0.0,152.0,0.0,8.0,2026-05-02,Approved,2026-05-06,Relevant Project Manager / Line Manager,0,0,PROJECT_MANAGEMENT_RESTRICTED_PERSONAL,True
2026-05,E035,Alice Meier,HR,160.0,160.0,0.0,0.0,144.0,0.0,16.0,2026-06-02,Approved,2026-06-06,Relevant Project Manager / Line Manager,0,0,PROJECT_MANAGEMENT_RESTRICTED_PERSONAL,True
2026-06,E035,Alice Meier,HR,200.0,200.0,0.0,0.0,192.0,0.0,8.0,2026-07-02,Approved,2026-07-06,Relevant Project Manager / Line Manager,0,0,PROJECT_MANAGEMENT_RESTRICTED_PERSONAL,True
2026-07,E035,Alice Meier,HR,160.0,160.0,0.0,0.0,160.0,0.0,0.0,2026-08-02,Approved,2026-08-05,Relevant Project Manager / Line Manager,0,0,PROJECT_MANAGEMENT_RESTRICTED_PERSONAL,True
2026-08,E035,Alice Meier,HR,200.0,200.0,0.0,0.0,192.0,0.0,8.0,2026-09-02,Approved,2026-09-06,Relevant Project Manager / Line Manager,0,0,PROJECT_MANAGEMENT_RESTRICTED_PERSONAL,True
2026-09,E035,Alice Meier,HR,160.0,160.0,0.0,0.0,160.0,0.0,0.0,2026-10-02,Approved,2026-10-06,Relevant Project Manager / Line Manager,0,0,PROJECT_MANAGEMENT_RESTRICTED_PERSONAL,True
2026-10,E035,Alice Meier,HR,160.0,160.0,0.0,0.0,128.0,32.0,0.0,2026-11-02,Approved,2026-11-05,Relevant Project Manager / Line Manager,0,0,PROJECT_MANAGEMENT_RESTRICTED_PERSONAL,True
2026-11,E035,Alice Meier,HR,200.0,200.0,0.0,0.0,160.0,32.0,8.0,2026-12-02,Pending,,Relevant Project Manager / Line Manager,0,1,PROJECT_MANAGEMENT_RESTRICTED_PERSONAL,True
2026-12,E035,Alice Meier,HR,120.0,120.0,0.0,0.0,88.0,16.0,16.0,2027-01-02,Approved,2027-01-05,Relevant Project Manager / Line Manager,0,0,PROJECT_MANAGEMENT_RESTRICTED_PERSONAL,True
2026-01,E036,Nathan Cohen,HR,160.0,160.0,0.0,0.0,152.0,0.0,8.0,2026-02-02,Approved,2026-02-05,Relevant Project Manager / Line Manager,0,0,PROJECT_MANAGEMENT_RESTRICTED_PERSONAL,True
2026-02,E036,Nathan Cohen,HR,160.0,160.0,0.0,0.0,136.0,24.0,0.0,2026-03-02,Approved,2026-03-04,Relevant Project Manager / Line Manager,0,0,PROJECT_MANAGEMENT_RESTRICTED_PERSONAL,True
2026-03,E036,Nathan Cohen,HR,200.0,200.0,0.0,0.0,184.0,16.0,0.0,2026-04-02,Approved,2026-04-05,Relevant Project Manager / Line Manager,0,0,PROJECT_MANAGEMENT_RESTRICTED_PERSONAL,True
2026-04,E036,Nathan Cohen,HR,160.0,160.0,0.0,0.0,152.0,0.0,8.0,2026-05-02,Approved,2026-05-06,Relevant Project Manager / Line Manager,0,0,PROJECT_MANAGEMENT_RESTRICTED_PERSONAL,True
2026-05,E036,Nathan Cohen,HR,160.0,160.0,0.0,0.0,144.0,0.0,16.0,2026-06-02,Approved,2026-06-04,Relevant Project Manager / Line Manager,0,0,PROJECT_MANAGEMENT_RESTRICTED_PERSONAL,True
2026-06,E036,Nathan Cohen,HR,200.0,200.0,0.0,0.0,152.0,40.0,8.0,2026-07-02,Approved,2026-07-03,Relevant Project Manager / Line Manager,0,0,PROJECT_MANAGEMENT_RESTRICTED_PERSONAL,True
2026-07,E036,Nathan Cohen,HR,160.0,156.0,0.0,0.0,156.0,0.0,0.0,2026-08-02,Approved,2026-08-03,Relevant Project Manager / Line Manager,0,0,PROJECT_MANAGEMENT_RESTRICTED_PERSONAL,True
2026-08,E036,Nathan Cohen,HR,200.0,200.0,0.0,0.0,192.0,0.0,8.0,2026-09-02,Pending,,Relevant Project Manager / Line Manager,0,1,PROJECT_MANAGEMENT_RESTRICTED_PERSONAL,True
2026-09,E036,Nathan Cohen,HR,160.0,160.0,0.0,0.0,136.0,24.0,0.0,2026-10-02,Approved,2026-10-04,Relevant Project Manager / Line Manager,0,0,PROJECT_MANAGEMENT_RESTRICTED_PERSONAL,True
2026-10,E036,Nathan Cohen,HR,160.0,160.0,0.0,0.0,144.0,16.0,0.0,2026-11-02,Approved,2026-11-06,Relevant Project Manager / Line Manager,0,0,PROJECT_MANAGEMENT_RESTRICTED_PERSONAL,True
2026-11,E036,Nathan Cohen,HR,200.0,200.0,0.0,0.0,192.0,0.0,8.0,2026-12-02,Approved,2026-12-06,Relevant Project Manager / Line Manager,0,0,PROJECT_MANAGEMENT_RESTRICTED_PERSONAL,True
2026-12,E036,Nathan Cohen,HR,120.0,114.0,0.0,0.0,98.0,0.0,16.0,2027-01-02,Rejected,,Relevant Project Manager / Line Manager,1,0,PROJECT_MANAGEMENT_RESTRICTED_PERSONAL,True
2026-01,E037,Lina Gomes,Operations,160.0,160.0,0.0,0.0,152.0,0.0,8.0,2026-02-02,Approved,2026-02-06,Relevant Project Manager / Line Manager,0,0,PROJECT_MANAGEMENT_RESTRICTED_PERSONAL,True
2026-02,E037,Lina Gomes,Operations,160.0,160.0,0.0,0.0,160.0,0.0,0.0,2026-03-02,Approved,2026-03-04,Relevant Project Manager / Line Manager,0,0,PROJECT_MANAGEMENT_RESTRICTED_PERSONAL,True
2026-03,E037,Lina Gomes,Operations,200.0,200.0,0.0,0.0,200.0,0.0,0.0,2026-04-02,Approved,2026-04-03,Relevant Project Manager / Line Manager,0,0,PROJECT_MANAGEMENT_RESTRICTED_PERSONAL,True
2026-04,E037,Lina Gomes,Operations,160.0,160.0,0.0,0.0,120.0,32.0,8.0,2026-05-02,Approved,2026-05-03,Relevant Project Manager / Line Manager,0,0,PROJECT_MANAGEMENT_RESTRICTED_PERSONAL,True
2026-05,E037,Lina Gomes,Operations,160.0,160.0,0.0,0.0,144.0,0.0,16.0,2026-06-02,Approved,2026-06-06,Relevant Project Manager / Line Manager,0,0,PROJECT_MANAGEMENT_RESTRICTED_PERSONAL,True
2026-06,E037,Lina Gomes,Operations,200.0,200.0,0.0,0.0,160.0,32.0,8.0,2026-07-02,Approved,2026-07-03,Relevant Project Manager / Line Manager,0,0,PROJECT_MANAGEMENT_RESTRICTED_PERSONAL,True
2026-07,E037,Lina Gomes,Operations,160.0,160.0,0.0,0.0,144.0,16.0,0.0,2026-08-02,Approved,2026-08-06,Relevant Project Manager / Line Manager,0,0,PROJECT_MANAGEMENT_RESTRICTED_PERSONAL,True
2026-08,E037,Lina Gomes,Operations,200.0,192.0,0.0,0.0,184.0,0.0,8.0,2026-09-02,Rejected,,Relevant Project Manager / Line Manager,1,0,PROJECT_MANAGEMENT_RESTRICTED_PERSONAL,True
2026-09,E037,Lina Gomes,Operations,160.0,152.0,0.0,0.0,136.0,16.0,0.0,2026-10-02,Rejected,,Relevant Project Manager / Line Manager,1,0,PROJECT_MANAGEMENT_RESTRICTED_PERSONAL,True
2026-10,E037,Lina Gomes,Operations,160.0,160.0,0.0,0.0,160.0,0.0,0.0,2026-11-02,Approved,2026-11-05,Relevant Project Manager / Line Manager,0,0,PROJECT_MANAGEMENT_RESTRICTED_PERSONAL,True
2026-11,E037,Lina Gomes,Operations,200.0,200.0,0.0,0.0,168.0,24.0,8.0,2026-12-02,Approved,2026-12-04,Relevant Project Manager / Line Manager,0,0,PROJECT_MANAGEMENT_RESTRICTED_PERSONAL,True
2026-12,E037,Lina Gomes,Operations,120.0,120.0,0.0,0.0,104.0,0.0,16.0,2027-01-02,Approved,2027-01-04,Relevant Project Manager / Line Manager,0,0,PROJECT_MANAGEMENT_RESTRICTED_PERSONAL,True
2026-01,E038,Paul Lemoine,Data & AI,160.0,160.0,79.5,79.5,56.5,16.0,8.0,2026-02-02,Approved,2026-02-06,Relevant Project Manager / Line Manager,0,0,PROJECT_MANAGEMENT_RESTRICTED_PERSONAL,True
2026-02,E038,Paul Lemoine,Data & AI,160.0,160.0,99.0,99.0,61.0,0.0,0.0,2026-03-02,Approved,2026-03-04,Relevant Project Manager / Line Manager,0,0,PROJECT_MANAGEMENT_RESTRICTED_PERSONAL,True
2026-03,E038,Paul Lemoine,Data & AI,200.0,200.0,137.0,137.0,63.0,0.0,0.0,2026-04-02,Approved,2026-04-06,Relevant Project Manager / Line Manager,0,0,PROJECT_MANAGEMENT_RESTRICTED_PERSONAL,True
2026-04,E038,Paul Lemoine,Data & AI,160.0,160.0,143.5,143.5,0.5,8.0,8.0,2026-05-02,Approved,2026-05-06,Relevant Project Manager / Line Manager,0,0,PROJECT_MANAGEMENT_RESTRICTED_PERSONAL,True
2026-05,E038,Paul Lemoine,Data & AI,160.0,160.5,143.5,143.5,1.0,0.0,16.0,2026-06-02,Approved,2026-06-05,Relevant Project Manager / Line Manager,0,0,PROJECT_MANAGEMENT_RESTRICTED_PERSONAL,True
2026-06,E038,Paul Lemoine,Data & AI,200.0,200.0,172.0,172.0,4.0,16.0,8.0,2026-07-02,Approved,2026-07-03,Relevant Project Manager / Line Manager,0,0,PROJECT_MANAGEMENT_RESTRICTED_PERSONAL,True
2026-07,E038,Paul Lemoine,Data & AI,160.0,160.0,142.5,142.5,1.5,16.0,0.0,2026-08-02,Pending,,Relevant Project Manager / Line Manager,0,3,PROJECT_MANAGEMENT_RESTRICTED_PERSONAL,True
2026-08,E038,Paul Lemoine,Data & AI,200.0,200.0,148.5,148.5,3.5,40.0,8.0,2026-09-02,Approved,2026-09-06,Relevant Project Manager / Line Manager,0,0,PROJECT_MANAGEMENT_RESTRICTED_PERSONAL,True
2026-09,E038,Paul Lemoine,Data & AI,160.0,160.0,158.0,158.0,2.0,0.0,0.0,2026-10-02,Approved,2026-10-03,Relevant Project Manager / Line Manager,0,0,PROJECT_MANAGEMENT_RESTRICTED_PERSONAL,True
2026-10,E038,Paul Lemoine,Data & AI,160.0,166.0,156.5,156.5,9.5,0.0,0.0,2026-11-02,Approved,2026-11-04,Relevant Project Manager / Line Manager,0,0,PROJECT_MANAGEMENT_RESTRICTED_PERSONAL,True
2026-11,E038,Paul Lemoine,Data & AI,200.0,202.0,163.5,163.5,6.5,24.0,8.0,2026-12-02,Approved,2026-12-03,Relevant Project Manager / Line Manager,0,0,PROJECT_MANAGEMENT_RESTRICTED_PERSONAL,True
2026-12,E038,Paul Lemoine,Data & AI,120.0,120.0,31.5,31.5,72.5,0.0,16.0,2027-01-02,Approved,2027-01-04,Relevant Project Manager / Line Manager,0,0,PROJECT_MANAGEMENT_RESTRICTED_PERSONAL,True
2026-01,E039,Jade Santos,Data & AI,160.0,160.0,106.0,106.0,46.0,0.0,8.0,2026-02-02,Approved,2026-02-03,Relevant Project Manager / Line Manager,0,0,PROJECT_MANAGEMENT_RESTRICTED_PERSONAL,True
2026-02,E039,Jade Santos,Data & AI,160.0,160.0,118.5,118.5,41.5,0.0,0.0,2026-03-02,Approved,2026-03-05,Relevant Project Manager / Line Manager,0,0,PROJECT_MANAGEMENT_RESTRICTED_PERSONAL,True
2026-03,E039,Jade Santos,Data & AI,200.0,200.0,136.5,136.5,55.5,8.0,0.0,2026-04-02,Approved,2026-04-04,Relevant Project Manager / Line Manager,0,0,PROJECT_MANAGEMENT_RESTRICTED_PERSONAL,True
2026-04,E039,Jade Santos,Data & AI,160.0,160.0,134.0,134.0,2.0,16.0,8.0,2026-05-02,Approved,2026-05-06,Relevant Project Manager / Line Manager,0,0,PROJECT_MANAGEMENT_RESTRICTED_PERSONAL,True
2026-05,E039,Jade Santos,Data & AI,160.0,160.0,142.0,142.0,2.0,0.0,16.0,2026-06-02,Approved,2026-06-06,Relevant Project Manager / Line Manager,0,0,PROJECT_MANAGEMENT_RESTRICTED_PERSONAL,True
2026-06,E039,Jade Santos,Data & AI,200.0,206.0,128.0,128.0,6.0,64.0,8.0,2026-07-02,Approved,2026-07-03,Relevant Project Manager / Line Manager,0,0,PROJECT_MANAGEMENT_RESTRICTED_PERSONAL,True
2026-07,E039,Jade Santos,Data & AI,160.0,160.0,159.0,159.0,1.0,0.0,0.0,2026-08-02,Approved,2026-08-06,Relevant Project Manager / Line Manager,0,0,PROJECT_MANAGEMENT_RESTRICTED_PERSONAL,True
2026-08,E039,Jade Santos,Data & AI,200.0,200.0,189.5,189.5,2.5,0.0,8.0,2026-09-02,Pending,,Relevant Project Manager / Line Manager,0,2,PROJECT_MANAGEMENT_RESTRICTED_PERSONAL,True
2026-09,E039,Jade Santos,Data & AI,160.0,160.0,155.0,155.0,5.0,0.0,0.0,2026-10-02,Approved,2026-10-06,Relevant Project Manager / Line Manager,0,0,PROJECT_MANAGEMENT_RESTRICTED_PERSONAL,True
2026-10,E039,Jade Santos,Data & AI,160.0,160.0,155.5,155.5,4.5,0.0,0.0,2026-11-02,Approved,2026-11-04,Relevant Project Manager / Line Manager,0,0,PROJECT_MANAGEMENT_RESTRICTED_PERSONAL,True
2026-11,E039,Jade Santos,Data & AI,200.0,200.0,172.5,172.5,3.5,16.0,8.0,2026-12-02,Approved,2026-12-03,Relevant Project Manager / Line Manager,0,0,PROJECT_MANAGEMENT_RESTRICTED_PERSONAL,True
2026-12,E039,Jade Santos,Data & AI,120.0,120.0,19.5,19.5,68.5,16.0,16.0,2027-01-02,Approved,2027-01-06,Relevant Project Manager / Line Manager,0,0,PROJECT_MANAGEMENT_RESTRICTED_PERSONAL,True
2026-01,E040,Adam Klein,Data & AI,160.0,160.0,0.0,0.0,152.0,0.0,8.0,2026-02-02,Approved,2026-02-06,Relevant Project Manager / Line Manager,0,0,PROJECT_MANAGEMENT_RESTRICTED_PERSONAL,True
2026-02,E040,Adam Klein,Data & AI,160.0,160.0,0.0,0.0,144.0,16.0,0.0,2026-03-02,Approved,2026-03-06,Relevant Project Manager / Line Manager,0,0,PROJECT_MANAGEMENT_RESTRICTED_PERSONAL,True
2026-03,E040,Adam Klein,Data & AI,200.0,202.0,0.0,0.0,178.0,24.0,0.0,2026-04-02,Approved,2026-04-03,Relevant Project Manager / Line Manager,0,0,PROJECT_MANAGEMENT_RESTRICTED_PERSONAL,True
2026-04,E040,Adam Klein,Data & AI,160.0,152.0,62.0,62.0,58.0,24.0,8.0,2026-05-02,Rejected,,Relevant Project Manager / Line Manager,2,0,PROJECT_MANAGEMENT_RESTRICTED_PERSONAL,True
2026-05,E040,Adam Klein,Data & AI,160.0,160.0,144.0,144.0,0.0,0.0,16.0,2026-06-02,Approved,2026-06-05,Relevant Project Manager / Line Manager,0,0,PROJECT_MANAGEMENT_RESTRICTED_PERSONAL,True
2026-06,E040,Adam Klein,Data & AI,200.0,202.0,176.0,176.0,2.0,16.0,8.0,2026-07-02,Approved,2026-07-03,Relevant Project Manager / Line Manager,0,0,PROJECT_MANAGEMENT_RESTRICTED_PERSONAL,True
2026-07,E040,Adam Klein,Data & AI,160.0,160.0,144.0,144.0,0.0,16.0,0.0,2026-08-02,Approved,2026-08-04,Relevant Project Manager / Line Manager,0,0,PROJECT_MANAGEMENT_RESTRICTED_PERSONAL,True
2026-08,E040,Adam Klein,Data & AI,200.0,200.0,177.5,177.5,6.5,8.0,8.0,2026-09-02,Approved,2026-09-03,Relevant Project Manager / Line Manager,0,0,PROJECT_MANAGEMENT_RESTRICTED_PERSONAL,True
2026-09,E040,Adam Klein,Data & AI,160.0,160.0,156.0,156.0,4.0,0.0,0.0,2026-10-02,Approved,2026-10-06,Relevant Project Manager / Line Manager,0,0,PROJECT_MANAGEMENT_RESTRICTED_PERSONAL,True
2026-10,E040,Adam Klein,Data & AI,160.0,164.0,140.5,140.5,7.5,16.0,0.0,2026-11-02,Approved,2026-11-03,Relevant Project Manager / Line Manager,0,0,PROJECT_MANAGEMENT_RESTRICTED_PERSONAL,True
2026-11,E040,Adam Klein,Data & AI,200.0,204.0,187.0,187.0,9.0,0.0,8.0,2026-12-02,Approved,2026-12-05,Relevant Project Manager / Line Manager,0,0,PROJECT_MANAGEMENT_RESTRICTED_PERSONAL,True
2026-12,E040,Adam Klein,Data & AI,120.0,120.0,80.0,80.0,24.0,0.0,16.0,2027-01-02,Pending,,Relevant Project Manager / Line Manager,0,2,PROJECT_MANAGEMENT_RESTRICTED_PERSONAL,True
2026-01,E041,Zoé Marques,Data & AI,160.0,160.0,72.0,72.0,80.0,0.0,8.0,2026-02-02,Approved,2026-02-03,Relevant Project Manager / Line Manager,0,0,PROJECT_MANAGEMENT_RESTRICTED_PERSONAL,True
2026-02,E041,Zoé Marques,Data & AI,160.0,160.0,64.5,64.5,63.5,32.0,0.0,2026-03-02,Approved,2026-03-03,Relevant Project Manager / Line Manager,0,0,PROJECT_MANAGEMENT_RESTRICTED_PERSONAL,True
2026-03,E041,Zoé Marques,Data & AI,200.0,200.0,164.0,164.0,36.0,0.0,0.0,2026-04-02,Approved,2026-04-06,Relevant Project Manager / Line Manager,0,0,PROJECT_MANAGEMENT_RESTRICTED_PERSONAL,True
2026-04,E041,Zoé Marques,Data & AI,160.0,160.0,125.5,125.5,2.5,24.0,8.0,2026-05-02,Approved,2026-05-06,Relevant Project Manager / Line Manager,0,0,PROJECT_MANAGEMENT_RESTRICTED_PERSONAL,True
2026-05,E041,Zoé Marques,Data & AI,160.0,160.0,125.0,125.0,3.0,16.0,16.0,2026-06-02,Approved,2026-06-06,Relevant Project Manager / Line Manager,0,0,PROJECT_MANAGEMENT_RESTRICTED_PERSONAL,True
2026-06,E041,Zoé Marques,Data & AI,200.0,200.5,191.5,191.5,1.0,0.0,8.0,2026-07-02,Approved,2026-07-06,Relevant Project Manager / Line Manager,0,0,PROJECT_MANAGEMENT_RESTRICTED_PERSONAL,True
2026-07,E041,Zoé Marques,Data & AI,160.0,160.0,142.0,142.0,2.0,16.0,0.0,2026-08-02,Approved,2026-08-05,Relevant Project Manager / Line Manager,0,0,PROJECT_MANAGEMENT_RESTRICTED_PERSONAL,True
2026-08,E041,Zoé Marques,Data & AI,200.0,200.0,189.5,189.5,2.5,0.0,8.0,2026-09-02,Approved,2026-09-05,Relevant Project Manager / Line Manager,0,0,PROJECT_MANAGEMENT_RESTRICTED_PERSONAL,True
2026-09,E041,Zoé Marques,Data & AI,160.0,160.0,154.0,154.0,6.0,0.0,0.0,2026-10-02,Approved,2026-10-04,Relevant Project Manager / Line Manager,0,0,PROJECT_MANAGEMENT_RESTRICTED_PERSONAL,True
2026-10,E041,Zoé Marques,Data & AI,160.0,160.0,133.5,133.5,2.5,24.0,0.0,2026-11-02,Approved,2026-11-05,Relevant Project Manager / Line Manager,0,0,PROJECT_MANAGEMENT_RESTRICTED_PERSONAL,True
2026-11,E041,Zoé Marques,Data & AI,200.0,200.0,186.5,186.5,5.5,0.0,8.0,2026-12-02,Approved,2026-12-03,Relevant Project Manager / Line Manager,0,0,PROJECT_MANAGEMENT_RESTRICTED_PERSONAL,True
2026-12,E041,Zoé Marques,Data & AI,120.0,114.0,36.5,36.5,53.5,8.0,16.0,2027-01-02,Rejected,,Relevant Project Manager / Line Manager,3,0,PROJECT_MANAGEMENT_RESTRICTED_PERSONAL,True
2026-01,E042,Samuel Jung,Data & AI,160.0,160.0,0.0,0.0,152.0,0.0,8.0,2026-02-02,Approved,2026-02-03,Relevant Project Manager / Line Manager,0,0,PROJECT_MANAGEMENT_RESTRICTED_PERSONAL,True
2026-02,E042,Samuel Jung,Data & AI,160.0,160.0,0.0,0.0,160.0,0.0,0.0,2026-03-02,Approved,2026-03-06,Relevant Project Manager / Line Manager,0,0,PROJECT_MANAGEMENT_RESTRICTED_PERSONAL,True
2026-03,E042,Samuel Jung,Data & AI,200.0,200.0,93.5,93.5,90.5,16.0,0.0,2026-04-02,Approved,2026-04-06,Relevant Project Manager / Line Manager,0,0,PROJECT_MANAGEMENT_RESTRICTED_PERSONAL,True
2026-04,E042,Samuel Jung,Data & AI,160.0,160.0,73.0,73.0,79.0,0.0,8.0,2026-05-02,Approved,2026-05-06,Relevant Project Manager / Line Manager,0,0,PROJECT_MANAGEMENT_RESTRICTED_PERSONAL,True
2026-05,E042,Samuel Jung,Data & AI,160.0,160.0,117.0,117.0,3.0,24.0,16.0,2026-06-02,Approved,2026-06-05,Relevant Project Manager / Line Manager,0,0,PROJECT_MANAGEMENT_RESTRICTED_PERSONAL,True
2026-06,E042,Samuel Jung,Data & AI,200.0,199.0,157.5,157.5,1.5,32.0,8.0,2026-07-02,Rejected,,Relevant Project Manager / Line Manager,4,0,PROJECT_MANAGEMENT_RESTRICTED_PERSONAL,True
2026-07,E042,Samuel Jung,Data & AI,160.0,160.0,132.5,132.5,3.5,24.0,0.0,2026-08-02,Approved,2026-08-03,Relevant Project Manager / Line Manager,0,0,PROJECT_MANAGEMENT_RESTRICTED_PERSONAL,True
2026-08,E042,Samuel Jung,Data & AI,200.0,200.0,190.0,190.0,2.0,0.0,8.0,2026-09-02,Approved,2026-09-04,Relevant Project Manager / Line Manager,0,0,PROJECT_MANAGEMENT_RESTRICTED_PERSONAL,True
2026-09,E042,Samuel Jung,Data & AI,160.0,160.0,149.5,149.5,2.5,8.0,0.0,2026-10-02,Approved,2026-10-05,Relevant Project Manager / Line Manager,0,0,PROJECT_MANAGEMENT_RESTRICTED_PERSONAL,True
2026-10,E042,Samuel Jung,Data & AI,160.0,160.0,156.5,156.5,3.5,0.0,0.0,2026-11-02,Approved,2026-11-05,Relevant Project Manager / Line Manager,0,0,PROJECT_MANAGEMENT_RESTRICTED_PERSONAL,True
2026-11,E042,Samuel Jung,Data & AI,200.0,200.0,190.0,190.0,2.0,0.0,8.0,2026-12-02,Pending,,Relevant Project Manager / Line Manager,0,2,PROJECT_MANAGEMENT_RESTRICTED_PERSONAL,True
2026-12,E042,Samuel Jung,Data & AI,120.0,120.0,64.0,64.0,24.0,16.0,16.0,2027-01-02,Pending,,Relevant Project Manager / Line Manager,0,2,PROJECT_MANAGEMENT_RESTRICTED_PERSONAL,True
2026-01,E043,Manon Franco,Data & AI,160.0,160.0,0.0,0.0,152.0,0.0,8.0,2026-02-02,Approved,2026-02-04,Relevant Project Manager / Line Manager,0,0,PROJECT_MANAGEMENT_RESTRICTED_PERSONAL,True
2026-02,E043,Manon Franco,Data & AI,160.0,158.0,0.0,0.0,158.0,0.0,0.0,2026-03-02,Approved,2026-03-05,Relevant Project Manager / Line Manager,0,0,PROJECT_MANAGEMENT_RESTRICTED_PERSONAL,True
2026-03,E043,Manon Franco,Data & AI,200.0,200.0,119.5,119.5,80.5,0.0,0.0,2026-04-02,Pending,,Relevant Project Manager / Line Manager,0,2,PROJECT_MANAGEMENT_RESTRICTED_PERSONAL,True
2026-04,E043,Manon Franco,Data & AI,160.0,160.0,120.5,120.5,31.5,0.0,8.0,2026-05-02,Pending,,Relevant Project Manager / Line Manager,0,3,PROJECT_MANAGEMENT_RESTRICTED_PERSONAL,True
2026-05,E043,Manon Franco,Data & AI,160.0,160.0,141.0,141.0,3.0,0.0,16.0,2026-06-02,Approved,2026-06-04,Relevant Project Manager / Line Manager,0,0,PROJECT_MANAGEMENT_RESTRICTED_PERSONAL,True
2026-06,E043,Manon Franco,Data & AI,200.0,200.5,144.5,144.5,0.0,48.0,8.0,2026-07-02,Approved,2026-07-04,Relevant Project Manager / Line Manager,0,0,PROJECT_MANAGEMENT_RESTRICTED_PERSONAL,True
2026-07,E043,Manon Franco,Data & AI,160.0,160.5,143.0,143.0,1.5,16.0,0.0,2026-08-02,Approved,2026-08-06,Relevant Project Manager / Line Manager,0,0,PROJECT_MANAGEMENT_RESTRICTED_PERSONAL,True
2026-08,E043,Manon Franco,Data & AI,200.0,201.0,189.0,189.0,4.0,0.0,8.0,2026-09-02,Approved,2026-09-05,Relevant Project Manager / Line Manager,0,0,PROJECT_MANAGEMENT_RESTRICTED_PERSONAL,True
2026-09,E043,Manon Franco,Data & AI,160.0,161.0,120.5,120.5,0.5,40.0,0.0,2026-10-02,Approved,2026-10-04,Relevant Project Manager / Line Manager,0,0,PROJECT_MANAGEMENT_RESTRICTED_PERSONAL,True
2026-10,E043,Manon Franco,Data & AI,160.0,160.0,158.5,158.5,1.5,0.0,0.0,2026-11-02,Approved,2026-11-06,Relevant Project Manager / Line Manager,0,0,PROJECT_MANAGEMENT_RESTRICTED_PERSONAL,True
2026-11,E043,Manon Franco,Data & AI,200.0,200.0,171.0,171.0,5.0,16.0,8.0,2026-12-02,Approved,2026-12-03,Relevant Project Manager / Line Manager,0,0,PROJECT_MANAGEMENT_RESTRICTED_PERSONAL,True
2026-12,E043,Manon Franco,Data & AI,120.0,120.5,79.5,79.5,25.0,0.0,16.0,2027-01-02,Pending,,Relevant Project Manager / Line Manager,0,1,PROJECT_MANAGEMENT_RESTRICTED_PERSONAL,True
2026-01,E044,Yanis Vidal,Cloud & Platform,160.0,160.0,107.5,107.5,44.5,0.0,8.0,2026-02-02,Approved,2026-02-04,Relevant Project Manager / Line Manager,0,0,PROJECT_MANAGEMENT_RESTRICTED_PERSONAL,True
2026-02,E044,Yanis Vidal,Cloud & Platform,160.0,152.0,113.5,113.5,22.5,16.0,0.0,2026-03-02,Rejected,,Relevant Project Manager / Line Manager,3,0,PROJECT_MANAGEMENT_RESTRICTED_PERSONAL,True
2026-03,E044,Yanis Vidal,Cloud & Platform,200.0,200.5,183.5,183.5,1.0,16.0,0.0,2026-04-02,Approved,2026-04-05,Relevant Project Manager / Line Manager,0,0,PROJECT_MANAGEMENT_RESTRICTED_PERSONAL,True
2026-04,E044,Yanis Vidal,Cloud & Platform,160.0,162.0,151.0,151.0,3.0,0.0,8.0,2026-05-02,Approved,2026-05-06,Relevant Project Manager / Line Manager,0,0,PROJECT_MANAGEMENT_RESTRICTED_PERSONAL,True
2026-05,E044,Yanis Vidal,Cloud & Platform,160.0,160.0,143.5,143.5,0.5,0.0,16.0,2026-06-02,Approved,2026-06-06,Relevant Project Manager / Line Manager,0,0,PROJECT_MANAGEMENT_RESTRICTED_PERSONAL,True
2026-06,E044,Yanis Vidal,Cloud & Platform,200.0,200.0,143.0,143.0,1.0,48.0,8.0,2026-07-02,Approved,2026-07-06,Relevant Project Manager / Line Manager,0,0,PROJECT_MANAGEMENT_RESTRICTED_PERSONAL,True
2026-07,E044,Yanis Vidal,Cloud & Platform,160.0,160.0,142.0,142.0,2.0,16.0,0.0,2026-08-02,Approved,2026-08-04,Relevant Project Manager / Line Manager,0,0,PROJECT_MANAGEMENT_RESTRICTED_PERSONAL,True
2026-08,E044,Yanis Vidal,Cloud & Platform,200.0,204.5,174.0,174.0,6.5,16.0,8.0,2026-09-02,Approved,2026-09-06,Relevant Project Manager / Line Manager,0,0,PROJECT_MANAGEMENT_RESTRICTED_PERSONAL,True
2026-09,E044,Yanis Vidal,Cloud & Platform,160.0,160.0,113.5,113.5,46.5,0.0,0.0,2026-10-02,Approved,2026-10-03,Relevant Project Manager / Line Manager,0,0,PROJECT_MANAGEMENT_RESTRICTED_PERSONAL,True
2026-10,E044,Yanis Vidal,Cloud & Platform,160.0,160.0,110.5,110.5,49.5,0.0,0.0,2026-11-02,Pending,,Relevant Project Manager / Line Manager,0,3,PROJECT_MANAGEMENT_RESTRICTED_PERSONAL,True
2026-11,E044,Yanis Vidal,Cloud & Platform,200.0,200.0,125.5,125.5,58.5,8.0,8.0,2026-12-02,Pending,,Relevant Project Manager / Line Manager,0,3,PROJECT_MANAGEMENT_RESTRICTED_PERSONAL,True
2026-12,E044,Yanis Vidal,Cloud & Platform,120.0,120.0,56.5,56.5,47.5,0.0,16.0,2027-01-02,Approved,2027-01-06,Relevant Project Manager / Line Manager,0,0,PROJECT_MANAGEMENT_RESTRICTED_PERSONAL,True
2026-01,E045,Louise Carvalho,Cloud & Platform,160.0,160.0,91.5,91.5,60.5,0.0,8.0,2026-02-02,Approved,2026-02-06,Relevant Project Manager / Line Manager,0,0,PROJECT_MANAGEMENT_RESTRICTED_PERSONAL,True
2026-02,E045,Louise Carvalho,Cloud & Platform,160.0,160.0,154.5,154.5,5.5,0.0,0.0,2026-03-02,Approved,2026-03-03,Relevant Project Manager / Line Manager,0,0,PROJECT_MANAGEMENT_RESTRICTED_PERSONAL,True
2026-03,E045,Louise Carvalho,Cloud & Platform,200.0,200.0,165.0,165.0,3.0,32.0,0.0,2026-04-02,Approved,2026-04-04,Relevant Project Manager / Line Manager,0,0,PROJECT_MANAGEMENT_RESTRICTED_PERSONAL,True
2026-04,E045,Louise Carvalho,Cloud & Platform,160.0,160.0,135.0,135.0,1.0,16.0,8.0,2026-05-02,Approved,2026-05-03,Relevant Project Manager / Line Manager,0,0,PROJECT_MANAGEMENT_RESTRICTED_PERSONAL,True
2026-05,E045,Louise Carvalho,Cloud & Platform,160.0,160.0,127.5,127.5,0.5,16.0,16.0,2026-06-02,Approved,2026-06-05,Relevant Project Manager / Line Manager,0,0,PROJECT_MANAGEMENT_RESTRICTED_PERSONAL,True
2026-06,E045,Louise Carvalho,Cloud & Platform,200.0,204.5,184.5,184.5,12.0,0.0,8.0,2026-07-02,Rejected,,Relevant Project Manager / Line Manager,2,0,PROJECT_MANAGEMENT_RESTRICTED_PERSONAL,True
2026-07,E045,Louise Carvalho,Cloud & Platform,160.0,160.0,153.0,153.0,7.0,0.0,0.0,2026-08-02,Approved,2026-08-06,Relevant Project Manager / Line Manager,0,0,PROJECT_MANAGEMENT_RESTRICTED_PERSONAL,True
2026-08,E045,Louise Carvalho,Cloud & Platform,200.0,200.0,190.0,190.0,2.0,0.0,8.0,2026-09-02,Pending,,Relevant Project Manager / Line Manager,0,2,PROJECT_MANAGEMENT_RESTRICTED_PERSONAL,True
2026-09,E045,Louise Carvalho,Cloud & Platform,160.0,160.0,156.0,156.0,4.0,0.0,0.0,2026-10-02,Approved,2026-10-03,Relevant Project Manager / Line Manager,0,0,PROJECT_MANAGEMENT_RESTRICTED_PERSONAL,True
2026-10,E045,Louise Carvalho,Cloud & Platform,160.0,160.0,155.5,155.5,4.5,0.0,0.0,2026-11-02,Approved,2026-11-05,Relevant Project Manager / Line Manager,0,0,PROJECT_MANAGEMENT_RESTRICTED_PERSONAL,True
2026-11,E045,Louise Carvalho,Cloud & Platform,200.0,200.0,133.5,133.5,2.5,56.0,8.0,2026-12-02,Approved,2026-12-06,Relevant Project Manager / Line Manager,0,0,PROJECT_MANAGEMENT_RESTRICTED_PERSONAL,True
2026-12,E045,Louise Carvalho,Cloud & Platform,120.0,120.0,79.5,79.5,24.5,0.0,16.0,2027-01-02,Approved,2027-01-04,Relevant Project Manager / Line Manager,0,0,PROJECT_MANAGEMENT_RESTRICTED_PERSONAL,True
2026-01,E046,Alexandre Blanc,Cloud & Platform,160.0,160.0,135.5,135.5,16.5,0.0,8.0,2026-02-02,Approved,2026-02-06,Relevant Project Manager / Line Manager,0,0,PROJECT_MANAGEMENT_RESTRICTED_PERSONAL,True
2026-02,E046,Alexandre Blanc,Cloud & Platform,160.0,160.0,157.5,157.5,2.5,0.0,0.0,2026-03-02,Approved,2026-03-04,Relevant Project Manager / Line Manager,0,0,PROJECT_MANAGEMENT_RESTRICTED_PERSONAL,True
2026-03,E046,Alexandre Blanc,Cloud & Platform,200.0,200.0,166.5,166.5,1.5,32.0,0.0,2026-04-02,Approved,2026-04-04,Relevant Project Manager / Line Manager,0,0,PROJECT_MANAGEMENT_RESTRICTED_PERSONAL,True
2026-04,E046,Alexandre Blanc,Cloud & Platform,160.0,160.0,151.0,151.0,1.0,0.0,8.0,2026-05-02,Approved,2026-05-04,Relevant Project Manager / Line Manager,0,0,PROJECT_MANAGEMENT_RESTRICTED_PERSONAL,True
2026-05,E046,Alexandre Blanc,Cloud & Platform,160.0,158.5,126.5,126.5,0.0,16.0,16.0,2026-06-02,Rejected,,Relevant Project Manager / Line Manager,3,0,PROJECT_MANAGEMENT_RESTRICTED_PERSONAL,True
2026-06,E046,Alexandre Blanc,Cloud & Platform,200.0,198.5,185.5,185.5,5.0,0.0,8.0,2026-07-02,Rejected,,Relevant Project Manager / Line Manager,3,0,PROJECT_MANAGEMENT_RESTRICTED_PERSONAL,True
2026-07,E046,Alexandre Blanc,Cloud & Platform,160.0,160.0,158.5,158.5,1.5,0.0,0.0,2026-08-02,Approved,2026-08-04,Relevant Project Manager / Line Manager,0,0,PROJECT_MANAGEMENT_RESTRICTED_PERSONAL,True
2026-08,E046,Alexandre Blanc,Cloud & Platform,200.0,200.0,150.0,150.0,2.0,40.0,8.0,2026-09-02,Approved,2026-09-05,Relevant Project Manager / Line Manager,0,0,PROJECT_MANAGEMENT_RESTRICTED_PERSONAL,True
2026-09,E046,Alexandre Blanc,Cloud & Platform,160.0,152.0,128.5,128.5,23.5,0.0,0.0,2026-10-02,Rejected,,Relevant Project Manager / Line Manager,2,0,PROJECT_MANAGEMENT_RESTRICTED_PERSONAL,True
2026-10,E046,Alexandre Blanc,Cloud & Platform,160.0,162.0,71.5,71.5,74.5,16.0,0.0,2026-11-02,Approved,2026-11-03,Relevant Project Manager / Line Manager,0,0,PROJECT_MANAGEMENT_RESTRICTED_PERSONAL,True
2026-11,E046,Alexandre Blanc,Cloud & Platform,200.0,200.0,87.5,87.5,88.5,16.0,8.0,2026-12-02,Approved,2026-12-06,Relevant Project Manager / Line Manager,0,0,PROJECT_MANAGEMENT_RESTRICTED_PERSONAL,True
2026-12,E046,Alexandre Blanc,Cloud & Platform,120.0,120.0,40.5,40.5,63.5,0.0,16.0,2027-01-02,Approved,2027-01-03,Relevant Project Manager / Line Manager,0,0,PROJECT_MANAGEMENT_RESTRICTED_PERSONAL,True
2026-01,E047,Mia Nowak,Cybersecurity,160.0,160.0,92.5,92.5,59.5,0.0,8.0,2026-02-02,Approved,2026-02-05,Relevant Project Manager / Line Manager,0,0,PROJECT_MANAGEMENT_RESTRICTED_PERSONAL,True
2026-02,E047,Mia Nowak,Cybersecurity,160.0,160.0,142.0,142.0,2.0,16.0,0.0,2026-03-02,Approved,2026-03-03,Relevant Project Manager / Line Manager,0,0,PROJECT_MANAGEMENT_RESTRICTED_PERSONAL,True
2026-03,E047,Mia Nowak,Cybersecurity,200.0,205.0,196.5,196.5,8.5,0.0,0.0,2026-04-02,Approved,2026-04-04,Relevant Project Manager / Line Manager,0,0,PROJECT_MANAGEMENT_RESTRICTED_PERSONAL,True
2026-04,E047,Mia Nowak,Cybersecurity,160.0,160.0,151.5,151.5,0.5,0.0,8.0,2026-05-02,Approved,2026-05-05,Relevant Project Manager / Line Manager,0,0,PROJECT_MANAGEMENT_RESTRICTED_PERSONAL,True
2026-05,E047,Mia Nowak,Cybersecurity,160.0,160.0,143.5,143.5,0.5,0.0,16.0,2026-06-02,Approved,2026-06-05,Relevant Project Manager / Line Manager,0,0,PROJECT_MANAGEMENT_RESTRICTED_PERSONAL,True
2026-06,E047,Mia Nowak,Cybersecurity,200.0,206.0,175.0,175.0,7.0,16.0,8.0,2026-07-02,Approved,2026-07-06,Relevant Project Manager / Line Manager,0,0,PROJECT_MANAGEMENT_RESTRICTED_PERSONAL,True
2026-07,E047,Mia Nowak,Cybersecurity,160.0,160.0,132.0,132.0,4.0,24.0,0.0,2026-08-02,Approved,2026-08-04,Relevant Project Manager / Line Manager,0,0,PROJECT_MANAGEMENT_RESTRICTED_PERSONAL,True
2026-08,E047,Mia Nowak,Cybersecurity,200.0,200.0,189.0,189.0,3.0,0.0,8.0,2026-09-02,Approved,2026-09-04,Relevant Project Manager / Line Manager,0,0,PROJECT_MANAGEMENT_RESTRICTED_PERSONAL,True
2026-09,E047,Mia Nowak,Cybersecurity,160.0,158.0,138.0,138.0,4.0,16.0,0.0,2026-10-02,Rejected,,Relevant Project Manager / Line Manager,3,0,PROJECT_MANAGEMENT_RESTRICTED_PERSONAL,True
2026-10,E047,Mia Nowak,Cybersecurity,160.0,160.0,148.0,148.0,4.0,8.0,0.0,2026-11-02,Approved,2026-11-05,Relevant Project Manager / Line Manager,0,0,PROJECT_MANAGEMENT_RESTRICTED_PERSONAL,True
2026-11,E047,Mia Nowak,Cybersecurity,200.0,196.0,105.5,105.5,42.5,40.0,8.0,2026-12-02,Approved,2026-12-03,Relevant Project Manager / Line Manager,0,0,PROJECT_MANAGEMENT_RESTRICTED_PERSONAL,True
2026-12,E047,Mia Nowak,Cybersecurity,120.0,120.0,39.0,39.0,65.0,0.0,16.0,2027-01-02,Approved,2027-01-06,Relevant Project Manager / Line Manager,0,0,PROJECT_MANAGEMENT_RESTRICTED_PERSONAL,True
2026-01,E048,Raphaël Meyer,Cybersecurity,160.0,160.0,57.5,57.5,94.5,0.0,8.0,2026-02-02,Approved,2026-02-03,Relevant Project Manager / Line Manager,0,0,PROJECT_MANAGEMENT_RESTRICTED_PERSONAL,True
2026-02,E048,Raphaël Meyer,Cybersecurity,160.0,164.0,160.0,160.0,4.0,0.0,0.0,2026-03-02,Approved,2026-03-04,Relevant Project Manager / Line Manager,0,0,PROJECT_MANAGEMENT_RESTRICTED_PERSONAL,True
2026-03,E048,Raphaël Meyer,Cybersecurity,200.0,200.0,197.5,197.5,2.5,0.0,0.0,2026-04-02,Approved,2026-04-03,Relevant Project Manager / Line Manager,0,0,PROJECT_MANAGEMENT_RESTRICTED_PERSONAL,True
2026-04,E048,Raphaël Meyer,Cybersecurity,160.0,160.0,86.0,86.0,2.0,64.0,8.0,2026-05-02,Approved,2026-05-03,Relevant Project Manager / Line Manager,0,0,PROJECT_MANAGEMENT_RESTRICTED_PERSONAL,True
2026-05,E048,Raphaël Meyer,Cybersecurity,160.0,160.0,123.5,123.5,4.5,16.0,16.0,2026-06-02,Approved,2026-06-04,Relevant Project Manager / Line Manager,0,0,PROJECT_MANAGEMENT_RESTRICTED_PERSONAL,True
2026-06,E048,Raphaël Meyer,Cybersecurity,200.0,200.0,191.0,191.0,1.0,0.0,8.0,2026-07-02,Approved,2026-07-05,Relevant Project Manager / Line Manager,0,0,PROJECT_MANAGEMENT_RESTRICTED_PERSONAL,True
2026-07,E048,Raphaël Meyer,Cybersecurity,160.0,160.0,138.5,138.5,5.5,16.0,0.0,2026-08-02,Approved,2026-08-05,Relevant Project Manager / Line Manager,0,0,PROJECT_MANAGEMENT_RESTRICTED_PERSONAL,True
2026-08,E048,Raphaël Meyer,Cybersecurity,200.0,200.0,180.5,180.5,3.5,8.0,8.0,2026-09-02,Approved,2026-09-03,Relevant Project Manager / Line Manager,0,0,PROJECT_MANAGEMENT_RESTRICTED_PERSONAL,True
2026-09,E048,Raphaël Meyer,Cybersecurity,160.0,167.0,143.5,143.5,7.5,16.0,0.0,2026-10-02,Approved,2026-10-03,Relevant Project Manager / Line Manager,0,0,PROJECT_MANAGEMENT_RESTRICTED_PERSONAL,True
2026-10,E048,Raphaël Meyer,Cybersecurity,160.0,160.5,158.5,158.5,2.0,0.0,0.0,2026-11-02,Approved,2026-11-03,Relevant Project Manager / Line Manager,0,0,PROJECT_MANAGEMENT_RESTRICTED_PERSONAL,True
2026-11,E048,Raphaël Meyer,Cybersecurity,200.0,200.0,133.5,133.5,58.5,0.0,8.0,2026-12-02,Approved,2026-12-05,Relevant Project Manager / Line Manager,0,0,PROJECT_MANAGEMENT_RESTRICTED_PERSONAL,True
2026-12,E048,Raphaël Meyer,Cybersecurity,120.0,120.0,54.0,54.0,50.0,0.0,16.0,2027-01-02,Approved,2027-01-06,Relevant Project Manager / Line Manager,0,0,PROJECT_MANAGEMENT_RESTRICTED_PERSONAL,True
2026-01,E049,Nora Aydin,Consulting,160.0,160.0,145.0,145.0,7.0,0.0,8.0,2026-02-02,Approved,2026-02-05,Relevant Project Manager / Line Manager,0,0,PROJECT_MANAGEMENT_RESTRICTED_PERSONAL,True
2026-02,E049,Nora Aydin,Consulting,160.0,160.0,159.0,159.0,1.0,0.0,0.0,2026-03-02,Approved,2026-03-06,Relevant Project Manager / Line Manager,0,0,PROJECT_MANAGEMENT_RESTRICTED_PERSONAL,True
2026-03,E049,Nora Aydin,Consulting,200.0,200.0,158.5,158.5,1.5,40.0,0.0,2026-04-02,Approved,2026-04-05,Relevant Project Manager / Line Manager,0,0,PROJECT_MANAGEMENT_RESTRICTED_PERSONAL,True
2026-04,E049,Nora Aydin,Consulting,160.0,160.0,135.0,135.0,1.0,16.0,8.0,2026-05-02,Approved,2026-05-05,Relevant Project Manager / Line Manager,0,0,PROJECT_MANAGEMENT_RESTRICTED_PERSONAL,True
2026-05,E049,Nora Aydin,Consulting,160.0,161.0,137.0,137.0,0.0,8.0,16.0,2026-06-02,Approved,2026-06-03,Relevant Project Manager / Line Manager,0,0,PROJECT_MANAGEMENT_RESTRICTED_PERSONAL,True
2026-06,E049,Nora Aydin,Consulting,200.0,200.0,187.0,187.0,5.0,0.0,8.0,2026-07-02,Approved,2026-07-05,Relevant Project Manager / Line Manager,0,0,PROJECT_MANAGEMENT_RESTRICTED_PERSONAL,True
2026-07,E049,Nora Aydin,Consulting,160.0,160.0,158.0,158.0,2.0,0.0,0.0,2026-08-02,Approved,2026-08-06,Relevant Project Manager / Line Manager,0,0,PROJECT_MANAGEMENT_RESTRICTED_PERSONAL,True
2026-08,E049,Nora Aydin,Consulting,200.0,200.0,166.5,166.5,1.5,24.0,8.0,2026-09-02,Approved,2026-09-04,Relevant Project Manager / Line Manager,0,0,PROJECT_MANAGEMENT_RESTRICTED_PERSONAL,True
2026-09,E049,Nora Aydin,Consulting,160.0,160.0,159.0,159.0,1.0,0.0,0.0,2026-10-02,Approved,2026-10-05,Relevant Project Manager / Line Manager,0,0,PROJECT_MANAGEMENT_RESTRICTED_PERSONAL,True
2026-10,E049,Nora Aydin,Consulting,160.0,160.0,100.5,100.5,43.5,16.0,0.0,2026-11-02,Approved,2026-11-05,Relevant Project Manager / Line Manager,0,0,PROJECT_MANAGEMENT_RESTRICTED_PERSONAL,True
2026-11,E049,Nora Aydin,Consulting,200.0,200.0,126.5,126.5,65.5,0.0,8.0,2026-12-02,Pending,,Relevant Project Manager / Line Manager,0,3,PROJECT_MANAGEMENT_RESTRICTED_PERSONAL,True
2026-12,E049,Nora Aydin,Consulting,120.0,120.0,13.0,13.0,75.0,16.0,16.0,2027-01-02,Approved,2027-01-06,Relevant Project Manager / Line Manager,0,0,PROJECT_MANAGEMENT_RESTRICTED_PERSONAL,True
2026-01,E050,Mathis Girard,Consulting,160.0,160.0,105.5,105.5,46.5,0.0,8.0,2026-02-02,Approved,2026-02-06,Relevant Project Manager / Line Manager,0,0,PROJECT_MANAGEMENT_RESTRICTED_PERSONAL,True
2026-02,E050,Mathis Girard,Consulting,160.0,160.0,113.5,113.5,46.5,0.0,0.0,2026-03-02,Approved,2026-03-03,Relevant Project Manager / Line Manager,0,0,PROJECT_MANAGEMENT_RESTRICTED_PERSONAL,True
2026-03,E050,Mathis Girard,Consulting,200.0,200.0,131.0,131.0,53.0,16.0,0.0,2026-04-02,Approved,2026-04-04,Relevant Project Manager / Line Manager,0,0,PROJECT_MANAGEMENT_RESTRICTED_PERSONAL,True
2026-04,E050,Mathis Girard,Consulting,160.0,160.0,134.0,134.0,2.0,16.0,8.0,2026-05-02,Approved,2026-05-05,Relevant Project Manager / Line Manager,0,0,PROJECT_MANAGEMENT_RESTRICTED_PERSONAL,True
2026-05,E050,Mathis Girard,Consulting,160.0,160.0,118.0,118.0,2.0,24.0,16.0,2026-06-02,Pending,,Relevant Project Manager / Line Manager,0,4,PROJECT_MANAGEMENT_RESTRICTED_PERSONAL,True
2026-06,E050,Mathis Girard,Consulting,200.0,200.0,185.0,185.0,7.0,0.0,8.0,2026-07-02,Approved,2026-07-06,Relevant Project Manager / Line Manager,0,0,PROJECT_MANAGEMENT_RESTRICTED_PERSONAL,True
2026-07,E050,Mathis Girard,Consulting,160.0,160.0,149.0,149.0,3.0,8.0,0.0,2026-08-02,Approved,2026-08-06,Relevant Project Manager / Line Manager,0,0,PROJECT_MANAGEMENT_RESTRICTED_PERSONAL,True
2026-08,E050,Mathis Girard,Consulting,200.0,200.0,190.5,190.5,1.5,0.0,8.0,2026-09-02,Pending,,Relevant Project Manager / Line Manager,0,7,PROJECT_MANAGEMENT_RESTRICTED_PERSONAL,True
2026-09,E050,Mathis Girard,Consulting,160.0,160.0,119.0,119.0,25.0,16.0,0.0,2026-10-02,Approved,2026-10-04,Relevant Project Manager / Line Manager,0,0,PROJECT_MANAGEMENT_RESTRICTED_PERSONAL,True
2026-10,E050,Mathis Girard,Consulting,160.0,160.0,49.0,49.0,111.0,0.0,0.0,2026-11-02,Approved,2026-11-05,Relevant Project Manager / Line Manager,0,0,PROJECT_MANAGEMENT_RESTRICTED_PERSONAL,True
2026-11,E050,Mathis Girard,Consulting,200.0,200.0,45.5,45.5,106.5,40.0,8.0,2026-12-02,Approved,2026-12-03,Relevant Project Manager / Line Manager,0,0,PROJECT_MANAGEMENT_RESTRICTED_PERSONAL,True
2026-12,E050,Mathis Girard,Consulting,120.0,120.0,24.5,24.5,79.5,0.0,16.0,2027-01-02,Pending,,Relevant Project Manager / Line Manager,0,1,PROJECT_MANAGEMENT_RESTRICTED_PERSONAL,True
