month,employee_id,employee_name,department,job_title,gross_capacity_hours,leave_hours,public_holiday_hours,productive_capacity_hours,client_project_hours,billable_hours,internal_hours,client_utilization_pct,billable_utilization_pct,target_utilization_pct,variance_to_target_pct_points,allocation_status,classification,synthetic_record
2026-01,E001,Sophie Lambert,Finance,Finance Director,160.0,0.0,8.0,152.0,9.5,0.0,142.5,6.2,0.0,10,-3.8,Underutilized,PROJECT_MANAGEMENT_RESTRICTED_PERSONAL,True
2026-02,E001,Sophie Lambert,Finance,Finance Director,160.0,40.0,0.0,120.0,8.0,0.0,112.0,6.7,0.0,10,-3.3,Underutilized,PROJECT_MANAGEMENT_RESTRICTED_PERSONAL,True
2026-03,E001,Sophie Lambert,Finance,Finance Director,200.0,16.0,0.0,184.0,17.0,0.0,167.0,9.2,0.0,10,-0.8,Underutilized,PROJECT_MANAGEMENT_RESTRICTED_PERSONAL,True
2026-04,E001,Sophie Lambert,Finance,Finance Director,160.0,0.0,8.0,152.0,18.0,0.0,134.0,11.8,0.0,10,1.8,Underutilized,PROJECT_MANAGEMENT_RESTRICTED_PERSONAL,True
2026-05,E001,Sophie Lambert,Finance,Finance Director,160.0,32.0,16.0,112.0,10.5,0.0,99.5,9.4,0.0,10,-0.6,Underutilized,PROJECT_MANAGEMENT_RESTRICTED_PERSONAL,True
2026-06,E001,Sophie Lambert,Finance,Finance Director,200.0,0.0,8.0,192.0,25.0,0.0,167.0,13.0,0.0,10,3.0,Underutilized,PROJECT_MANAGEMENT_RESTRICTED_PERSONAL,True
2026-07,E001,Sophie Lambert,Finance,Finance Director,160.0,24.0,0.0,136.0,15.0,0.0,121.0,11.0,0.0,10,1.0,Underutilized,PROJECT_MANAGEMENT_RESTRICTED_PERSONAL,True
2026-08,E001,Sophie Lambert,Finance,Finance Director,200.0,8.0,8.0,184.0,25.0,0.0,159.0,13.6,0.0,10,3.6,Underutilized,PROJECT_MANAGEMENT_RESTRICTED_PERSONAL,True
2026-09,E001,Sophie Lambert,Finance,Finance Director,160.0,0.0,0.0,160.0,18.0,0.0,142.0,11.2,0.0,10,1.2,Underutilized,PROJECT_MANAGEMENT_RESTRICTED_PERSONAL,True
2026-10,E001,Sophie Lambert,Finance,Finance Director,160.0,0.0,0.0,160.0,16.0,0.0,144.0,10.0,0.0,10,0.0,Underutilized,PROJECT_MANAGEMENT_RESTRICTED_PERSONAL,True
2026-11,E001,Sophie Lambert,Finance,Finance Director,200.0,0.0,8.0,192.0,17.5,0.0,174.5,9.1,0.0,10,-0.9,Underutilized,PROJECT_MANAGEMENT_RESTRICTED_PERSONAL,True
2026-12,E001,Sophie Lambert,Finance,Finance Director,120.0,0.0,16.0,104.0,6.0,0.0,98.0,5.8,0.0,10,-4.2,Underutilized,PROJECT_MANAGEMENT_RESTRICTED_PERSONAL,True
2026-01,E002,Marc Hoffmann,Finance,Senior Financial Controller,160.0,0.0,8.0,152.0,16.0,0.0,136.0,10.5,0.0,10,0.5,Underutilized,PROJECT_MANAGEMENT_RESTRICTED_PERSONAL,True
2026-02,E002,Marc Hoffmann,Finance,Senior Financial Controller,160.0,0.0,0.0,160.0,25.5,0.0,134.5,15.9,0.0,10,5.9,Underutilized,PROJECT_MANAGEMENT_RESTRICTED_PERSONAL,True
2026-03,E002,Marc Hoffmann,Finance,Senior Financial Controller,200.0,0.0,0.0,200.0,38.5,0.0,161.5,19.2,0.0,10,9.2,Underutilized,PROJECT_MANAGEMENT_RESTRICTED_PERSONAL,True
2026-04,E002,Marc Hoffmann,Finance,Senior Financial Controller,160.0,0.0,8.0,152.0,29.5,0.0,122.5,19.4,0.0,10,9.4,Underutilized,PROJECT_MANAGEMENT_RESTRICTED_PERSONAL,True
2026-05,E002,Marc Hoffmann,Finance,Senior Financial Controller,160.0,16.0,16.0,128.0,23.5,0.0,104.5,18.4,0.0,10,8.4,Underutilized,PROJECT_MANAGEMENT_RESTRICTED_PERSONAL,True
2026-06,E002,Marc Hoffmann,Finance,Senior Financial Controller,200.0,16.0,8.0,176.0,41.5,0.0,134.5,23.6,0.0,10,13.6,Balanced,PROJECT_MANAGEMENT_RESTRICTED_PERSONAL,True
2026-07,E002,Marc Hoffmann,Finance,Senior Financial Controller,160.0,48.0,0.0,112.0,24.5,0.0,75.5,21.9,0.0,10,11.9,Balanced,PROJECT_MANAGEMENT_RESTRICTED_PERSONAL,True
2026-08,E002,Marc Hoffmann,Finance,Senior Financial Controller,200.0,0.0,8.0,192.0,41.5,0.0,150.5,21.6,0.0,10,11.6,Balanced,PROJECT_MANAGEMENT_RESTRICTED_PERSONAL,True
2026-09,E002,Marc Hoffmann,Finance,Senior Financial Controller,160.0,24.0,0.0,136.0,30.0,0.0,106.0,22.1,0.0,10,12.1,Balanced,PROJECT_MANAGEMENT_RESTRICTED_PERSONAL,True
2026-10,E002,Marc Hoffmann,Finance,Senior Financial Controller,160.0,16.0,0.0,144.0,24.5,0.0,119.5,17.0,0.0,10,7.0,Underutilized,PROJECT_MANAGEMENT_RESTRICTED_PERSONAL,True
2026-11,E002,Marc Hoffmann,Finance,Senior Financial Controller,200.0,0.0,8.0,192.0,29.5,0.0,162.5,15.4,0.0,10,5.4,Underutilized,PROJECT_MANAGEMENT_RESTRICTED_PERSONAL,True
2026-12,E002,Marc Hoffmann,Finance,Senior Financial Controller,120.0,0.0,16.0,104.0,11.5,0.0,92.5,11.1,0.0,10,1.1,Underutilized,PROJECT_MANAGEMENT_RESTRICTED_PERSONAL,True
2026-01,E003,Elena Rossi,Finance,Management Accountant,160.0,0.0,8.0,152.0,21.0,0.0,131.0,13.8,0.0,10,3.8,Underutilized,PROJECT_MANAGEMENT_RESTRICTED_PERSONAL,True
2026-02,E003,Elena Rossi,Finance,Management Accountant,160.0,16.0,0.0,144.0,30.0,0.0,114.0,20.8,0.0,10,10.8,Balanced,PROJECT_MANAGEMENT_RESTRICTED_PERSONAL,True
2026-03,E003,Elena Rossi,Finance,Management Accountant,200.0,24.0,0.0,176.0,39.0,0.0,129.0,22.2,0.0,10,12.2,Balanced,PROJECT_MANAGEMENT_RESTRICTED_PERSONAL,True
2026-04,E003,Elena Rossi,Finance,Management Accountant,160.0,8.0,8.0,144.0,38.0,0.0,106.0,26.4,0.0,10,16.4,Balanced,PROJECT_MANAGEMENT_RESTRICTED_PERSONAL,True
2026-05,E003,Elena Rossi,Finance,Management Accountant,160.0,24.0,16.0,120.0,36.5,0.0,83.5,30.4,0.0,10,20.4,Balanced,PROJECT_MANAGEMENT_RESTRICTED_PERSONAL,True
2026-06,E003,Elena Rossi,Finance,Management Accountant,200.0,16.0,8.0,176.0,49.5,0.0,126.5,28.1,0.0,10,18.1,Balanced,PROJECT_MANAGEMENT_RESTRICTED_PERSONAL,True
2026-07,E003,Elena Rossi,Finance,Management Accountant,160.0,0.0,0.0,160.0,45.5,0.0,114.5,28.4,0.0,10,18.4,Balanced,PROJECT_MANAGEMENT_RESTRICTED_PERSONAL,True
2026-08,E003,Elena Rossi,Finance,Management Accountant,200.0,16.0,8.0,176.0,51.0,0.0,125.0,29.0,0.0,10,19.0,Balanced,PROJECT_MANAGEMENT_RESTRICTED_PERSONAL,True
2026-09,E003,Elena Rossi,Finance,Management Accountant,160.0,0.0,0.0,160.0,40.5,0.0,119.5,25.3,0.0,10,15.3,Balanced,PROJECT_MANAGEMENT_RESTRICTED_PERSONAL,True
2026-10,E003,Elena Rossi,Finance,Management Accountant,160.0,16.0,0.0,144.0,33.0,0.0,111.0,22.9,0.0,10,12.9,Balanced,PROJECT_MANAGEMENT_RESTRICTED_PERSONAL,True
2026-11,E003,Elena Rossi,Finance,Management Accountant,200.0,0.0,8.0,192.0,39.0,0.0,153.0,20.3,0.0,10,10.3,Balanced,PROJECT_MANAGEMENT_RESTRICTED_PERSONAL,True
2026-12,E003,Elena Rossi,Finance,Management Accountant,120.0,0.0,16.0,104.0,14.0,0.0,90.0,13.5,0.0,10,3.5,Underutilized,PROJECT_MANAGEMENT_RESTRICTED_PERSONAL,True
2026-01,E004,Thomas Weber,Finance,Payroll & Benefits Specialist,160.0,0.0,8.0,152.0,0.0,0.0,152.0,0.0,0.0,10,-10.0,Underutilized,PROJECT_MANAGEMENT_RESTRICTED_PERSONAL,True
2026-02,E004,Thomas Weber,Finance,Payroll & Benefits Specialist,160.0,16.0,0.0,144.0,0.0,0.0,144.0,0.0,0.0,10,-10.0,Underutilized,PROJECT_MANAGEMENT_RESTRICTED_PERSONAL,True
2026-03,E004,Thomas Weber,Finance,Payroll & Benefits Specialist,200.0,0.0,0.0,200.0,0.0,0.0,200.0,0.0,0.0,10,-10.0,Underutilized,PROJECT_MANAGEMENT_RESTRICTED_PERSONAL,True
2026-04,E004,Thomas Weber,Finance,Payroll & Benefits Specialist,160.0,0.0,8.0,152.0,0.0,0.0,152.0,0.0,0.0,10,-10.0,Underutilized,PROJECT_MANAGEMENT_RESTRICTED_PERSONAL,True
2026-05,E004,Thomas Weber,Finance,Payroll & Benefits Specialist,160.0,0.0,16.0,144.0,0.0,0.0,144.0,0.0,0.0,10,-10.0,Underutilized,PROJECT_MANAGEMENT_RESTRICTED_PERSONAL,True
2026-06,E004,Thomas Weber,Finance,Payroll & Benefits Specialist,200.0,40.0,8.0,152.0,0.0,0.0,152.0,0.0,0.0,10,-10.0,Underutilized,PROJECT_MANAGEMENT_RESTRICTED_PERSONAL,True
2026-07,E004,Thomas Weber,Finance,Payroll & Benefits Specialist,160.0,0.0,0.0,160.0,0.0,0.0,160.0,0.0,0.0,10,-10.0,Underutilized,PROJECT_MANAGEMENT_RESTRICTED_PERSONAL,True
2026-08,E004,Thomas Weber,Finance,Payroll & Benefits Specialist,200.0,16.0,8.0,176.0,0.0,0.0,176.0,0.0,0.0,10,-10.0,Underutilized,PROJECT_MANAGEMENT_RESTRICTED_PERSONAL,True
2026-09,E004,Thomas Weber,Finance,Payroll & Benefits Specialist,160.0,8.0,0.0,152.0,0.0,0.0,152.0,0.0,0.0,10,-10.0,Underutilized,PROJECT_MANAGEMENT_RESTRICTED_PERSONAL,True
2026-10,E004,Thomas Weber,Finance,Payroll & Benefits Specialist,160.0,24.0,0.0,136.0,0.0,0.0,136.0,0.0,0.0,10,-10.0,Underutilized,PROJECT_MANAGEMENT_RESTRICTED_PERSONAL,True
2026-11,E004,Thomas Weber,Finance,Payroll & Benefits Specialist,200.0,0.0,8.0,192.0,0.0,0.0,192.0,0.0,0.0,10,-10.0,Underutilized,PROJECT_MANAGEMENT_RESTRICTED_PERSONAL,True
2026-12,E004,Thomas Weber,Finance,Payroll & Benefits Specialist,120.0,16.0,16.0,88.0,0.0,0.0,88.0,0.0,0.0,10,-10.0,Underutilized,PROJECT_MANAGEMENT_RESTRICTED_PERSONAL,True
2026-01,E005,Nadia Benali,Finance,Financial Analyst,160.0,0.0,8.0,152.0,16.5,0.0,135.5,10.9,0.0,10,0.9,Underutilized,PROJECT_MANAGEMENT_RESTRICTED_PERSONAL,True
2026-02,E005,Nadia Benali,Finance,Financial Analyst,160.0,0.0,0.0,160.0,25.5,0.0,134.5,15.9,0.0,10,5.9,Underutilized,PROJECT_MANAGEMENT_RESTRICTED_PERSONAL,True
2026-03,E005,Nadia Benali,Finance,Financial Analyst,200.0,24.0,0.0,176.0,32.0,0.0,144.0,18.2,0.0,10,8.2,Underutilized,PROJECT_MANAGEMENT_RESTRICTED_PERSONAL,True
2026-04,E005,Nadia Benali,Finance,Financial Analyst,160.0,16.0,8.0,136.0,26.5,0.0,109.5,19.5,0.0,10,9.5,Underutilized,PROJECT_MANAGEMENT_RESTRICTED_PERSONAL,True
2026-05,E005,Nadia Benali,Finance,Financial Analyst,160.0,0.0,16.0,144.0,27.5,0.0,116.5,19.1,0.0,10,9.1,Underutilized,PROJECT_MANAGEMENT_RESTRICTED_PERSONAL,True
2026-06,E005,Nadia Benali,Finance,Financial Analyst,200.0,16.0,8.0,176.0,40.5,0.0,135.5,23.0,0.0,10,13.0,Balanced,PROJECT_MANAGEMENT_RESTRICTED_PERSONAL,True
2026-07,E005,Nadia Benali,Finance,Financial Analyst,160.0,24.0,0.0,136.0,31.5,0.0,104.5,23.2,0.0,10,13.2,Balanced,PROJECT_MANAGEMENT_RESTRICTED_PERSONAL,True
2026-08,E005,Nadia Benali,Finance,Financial Analyst,200.0,0.0,8.0,192.0,40.0,0.0,152.0,20.8,0.0,10,10.8,Balanced,PROJECT_MANAGEMENT_RESTRICTED_PERSONAL,True
2026-09,E005,Nadia Benali,Finance,Financial Analyst,160.0,0.0,0.0,160.0,33.5,0.0,120.5,20.9,0.0,10,10.9,Balanced,PROJECT_MANAGEMENT_RESTRICTED_PERSONAL,True
2026-10,E005,Nadia Benali,Finance,Financial Analyst,160.0,16.0,0.0,144.0,27.0,0.0,109.0,18.8,0.0,10,8.8,Underutilized,PROJECT_MANAGEMENT_RESTRICTED_PERSONAL,True
2026-11,E005,Nadia Benali,Finance,Financial Analyst,200.0,24.0,8.0,168.0,25.0,0.0,143.0,14.9,0.0,10,4.9,Underutilized,PROJECT_MANAGEMENT_RESTRICTED_PERSONAL,True
2026-12,E005,Nadia Benali,Finance,Financial Analyst,120.0,0.0,16.0,104.0,10.0,0.0,94.0,9.6,0.0,10,-0.4,Underutilized,PROJECT_MANAGEMENT_RESTRICTED_PERSONAL,True
2026-01,E006,Jean Schmit,Executive,Chief Executive Officer,160.0,16.0,8.0,136.0,9.5,0.0,122.5,7.0,0.0,10,-3.0,Underutilized,PROJECT_MANAGEMENT_RESTRICTED_PERSONAL,True
2026-02,E006,Jean Schmit,Executive,Chief Executive Officer,160.0,0.0,0.0,160.0,16.0,0.0,144.0,10.0,0.0,10,0.0,Underutilized,PROJECT_MANAGEMENT_RESTRICTED_PERSONAL,True
2026-03,E006,Jean Schmit,Executive,Chief Executive Officer,200.0,0.0,0.0,200.0,20.0,0.0,180.0,10.0,0.0,10,0.0,Underutilized,PROJECT_MANAGEMENT_RESTRICTED_PERSONAL,True
2026-04,E006,Jean Schmit,Executive,Chief Executive Officer,160.0,16.0,8.0,136.0,14.0,0.0,122.0,10.3,0.0,10,0.3,Underutilized,PROJECT_MANAGEMENT_RESTRICTED_PERSONAL,True
2026-05,E006,Jean Schmit,Executive,Chief Executive Officer,160.0,24.0,16.0,120.0,12.5,0.0,107.5,10.4,0.0,10,0.4,Underutilized,PROJECT_MANAGEMENT_RESTRICTED_PERSONAL,True
2026-06,E006,Jean Schmit,Executive,Chief Executive Officer,200.0,16.0,8.0,176.0,18.0,0.0,158.0,10.2,0.0,10,0.2,Underutilized,PROJECT_MANAGEMENT_RESTRICTED_PERSONAL,True
2026-07,E006,Jean Schmit,Executive,Chief Executive Officer,160.0,0.0,0.0,160.0,16.0,0.0,144.0,10.0,0.0,10,0.0,Underutilized,PROJECT_MANAGEMENT_RESTRICTED_PERSONAL,True
2026-08,E006,Jean Schmit,Executive,Chief Executive Officer,200.0,0.0,8.0,192.0,20.0,0.0,172.0,10.4,0.0,10,0.4,Underutilized,PROJECT_MANAGEMENT_RESTRICTED_PERSONAL,True
2026-09,E006,Jean Schmit,Executive,Chief Executive Officer,160.0,0.0,0.0,160.0,16.0,0.0,144.0,10.0,0.0,10,0.0,Underutilized,PROJECT_MANAGEMENT_RESTRICTED_PERSONAL,True
2026-10,E006,Jean Schmit,Executive,Chief Executive Officer,160.0,24.0,0.0,136.0,14.0,0.0,120.0,10.3,0.0,10,0.3,Underutilized,PROJECT_MANAGEMENT_RESTRICTED_PERSONAL,True
2026-11,E006,Jean Schmit,Executive,Chief Executive Officer,200.0,24.0,8.0,168.0,17.0,0.0,151.0,10.1,0.0,10,0.1,Underutilized,PROJECT_MANAGEMENT_RESTRICTED_PERSONAL,True
2026-12,E006,Jean Schmit,Executive,Chief Executive Officer,120.0,0.0,16.0,104.0,6.0,0.0,98.0,5.8,0.0,10,-4.2,Underutilized,PROJECT_MANAGEMENT_RESTRICTED_PERSONAL,True
2026-01,E007,Claire Muller,Executive,Chief Financial Officer,160.0,0.0,8.0,152.0,16.5,0.0,135.5,10.9,0.0,10,0.9,Underutilized,PROJECT_MANAGEMENT_RESTRICTED_PERSONAL,True
2026-02,E007,Claire Muller,Executive,Chief Financial Officer,160.0,0.0,0.0,160.0,25.5,0.0,134.5,15.9,0.0,10,5.9,Underutilized,PROJECT_MANAGEMENT_RESTRICTED_PERSONAL,True
2026-03,E007,Claire Muller,Executive,Chief Financial Officer,200.0,24.0,0.0,176.0,31.5,0.0,144.5,17.9,0.0,10,7.9,Underutilized,PROJECT_MANAGEMENT_RESTRICTED_PERSONAL,True
2026-04,E007,Claire Muller,Executive,Chief Financial Officer,160.0,24.0,8.0,128.0,24.5,0.0,103.5,19.1,0.0,10,9.1,Underutilized,PROJECT_MANAGEMENT_RESTRICTED_PERSONAL,True
2026-05,E007,Claire Muller,Executive,Chief Financial Officer,160.0,0.0,16.0,144.0,28.5,0.0,115.5,19.8,0.0,10,9.8,Underutilized,PROJECT_MANAGEMENT_RESTRICTED_PERSONAL,True
2026-06,E007,Claire Muller,Executive,Chief Financial Officer,200.0,16.0,8.0,176.0,35.5,0.0,140.5,20.2,0.0,10,10.2,Balanced,PROJECT_MANAGEMENT_RESTRICTED_PERSONAL,True
2026-07,E007,Claire Muller,Executive,Chief Financial Officer,160.0,8.0,0.0,152.0,32.0,0.0,120.0,21.1,0.0,10,11.1,Balanced,PROJECT_MANAGEMENT_RESTRICTED_PERSONAL,True
2026-08,E007,Claire Muller,Executive,Chief Financial Officer,200.0,16.0,8.0,176.0,37.5,0.0,138.5,21.3,0.0,10,11.3,Balanced,PROJECT_MANAGEMENT_RESTRICTED_PERSONAL,True
2026-09,E007,Claire Muller,Executive,Chief Financial Officer,160.0,0.0,0.0,160.0,30.5,0.0,129.5,19.1,0.0,10,9.1,Underutilized,PROJECT_MANAGEMENT_RESTRICTED_PERSONAL,True
2026-10,E007,Claire Muller,Executive,Chief Financial Officer,160.0,0.0,0.0,160.0,26.5,0.0,133.5,16.6,0.0,10,6.6,Underutilized,PROJECT_MANAGEMENT_RESTRICTED_PERSONAL,True
2026-11,E007,Claire Muller,Executive,Chief Financial Officer,200.0,16.0,8.0,176.0,26.5,0.0,149.5,15.1,0.0,10,5.1,Underutilized,PROJECT_MANAGEMENT_RESTRICTED_PERSONAL,True
2026-12,E007,Claire Muller,Executive,Chief Financial Officer,120.0,16.0,16.0,88.0,8.5,0.0,79.5,9.7,0.0,10,-0.3,Underutilized,PROJECT_MANAGEMENT_RESTRICTED_PERSONAL,True
2026-01,E008,Luca Conti,Executive,Chief Technology Officer,160.0,0.0,8.0,152.0,13.5,0.0,138.5,8.9,0.0,10,-1.1,Underutilized,PROJECT_MANAGEMENT_RESTRICTED_PERSONAL,True
2026-02,E008,Luca Conti,Executive,Chief Technology Officer,160.0,0.0,0.0,160.0,24.0,0.0,136.0,15.0,0.0,10,5.0,Underutilized,PROJECT_MANAGEMENT_RESTRICTED_PERSONAL,True
2026-03,E008,Luca Conti,Executive,Chief Technology Officer,200.0,40.0,0.0,160.0,32.5,0.0,127.5,20.3,0.0,10,10.3,Balanced,PROJECT_MANAGEMENT_RESTRICTED_PERSONAL,True
2026-04,E008,Luca Conti,Executive,Chief Technology Officer,160.0,40.0,8.0,112.0,23.0,0.0,89.0,20.5,0.0,10,10.5,Balanced,PROJECT_MANAGEMENT_RESTRICTED_PERSONAL,True
2026-05,E008,Luca Conti,Executive,Chief Technology Officer,160.0,0.0,16.0,144.0,35.0,0.0,109.0,24.3,0.0,10,14.3,Balanced,PROJECT_MANAGEMENT_RESTRICTED_PERSONAL,True
2026-06,E008,Luca Conti,Executive,Chief Technology Officer,200.0,0.0,8.0,192.0,47.5,0.0,144.5,24.7,0.0,10,14.7,Balanced,PROJECT_MANAGEMENT_RESTRICTED_PERSONAL,True
2026-07,E008,Luca Conti,Executive,Chief Technology Officer,160.0,0.0,0.0,160.0,40.0,0.0,120.0,25.0,0.0,10,15.0,Balanced,PROJECT_MANAGEMENT_RESTRICTED_PERSONAL,True
2026-08,E008,Luca Conti,Executive,Chief Technology Officer,200.0,40.0,8.0,152.0,39.0,0.0,113.0,25.7,0.0,10,15.7,Balanced,PROJECT_MANAGEMENT_RESTRICTED_PERSONAL,True
2026-09,E008,Luca Conti,Executive,Chief Technology Officer,160.0,0.0,0.0,160.0,40.0,0.0,120.0,25.0,0.0,10,15.0,Balanced,PROJECT_MANAGEMENT_RESTRICTED_PERSONAL,True
2026-10,E008,Luca Conti,Executive,Chief Technology Officer,160.0,0.0,0.0,160.0,40.0,0.0,120.0,25.0,0.0,10,15.0,Balanced,PROJECT_MANAGEMENT_RESTRICTED_PERSONAL,True
2026-11,E008,Luca Conti,Executive,Chief Technology Officer,200.0,0.0,8.0,192.0,48.0,0.0,144.0,25.0,0.0,10,15.0,Balanced,PROJECT_MANAGEMENT_RESTRICTED_PERSONAL,True
2026-12,E008,Luca Conti,Executive,Chief Technology Officer,120.0,0.0,16.0,104.0,20.0,0.0,84.0,19.2,0.0,10,9.2,Underutilized,PROJECT_MANAGEMENT_RESTRICTED_PERSONAL,True
2026-01,E009,Amélie Dubois,Executive,Chief Operating Officer,160.0,0.0,8.0,152.0,18.0,0.0,134.0,11.8,0.0,10,1.8,Underutilized,PROJECT_MANAGEMENT_RESTRICTED_PERSONAL,True
2026-02,E009,Amélie Dubois,Executive,Chief Operating Officer,160.0,0.0,0.0,160.0,24.0,0.0,134.0,15.0,0.0,10,5.0,Underutilized,PROJECT_MANAGEMENT_RESTRICTED_PERSONAL,True
2026-03,E009,Amélie Dubois,Executive,Chief Operating Officer,200.0,16.0,0.0,184.0,28.0,0.0,152.0,15.2,0.0,10,5.2,Underutilized,PROJECT_MANAGEMENT_RESTRICTED_PERSONAL,True
2026-04,E009,Amélie Dubois,Executive,Chief Operating Officer,160.0,24.0,8.0,128.0,25.0,0.0,103.0,19.5,0.0,10,9.5,Underutilized,PROJECT_MANAGEMENT_RESTRICTED_PERSONAL,True
2026-05,E009,Amélie Dubois,Executive,Chief Operating Officer,160.0,40.0,16.0,104.0,20.0,0.0,84.0,19.2,0.0,10,9.2,Underutilized,PROJECT_MANAGEMENT_RESTRICTED_PERSONAL,True
2026-06,E009,Amélie Dubois,Executive,Chief Operating Officer,200.0,0.0,8.0,192.0,36.5,0.0,155.5,19.0,0.0,10,9.0,Underutilized,PROJECT_MANAGEMENT_RESTRICTED_PERSONAL,True
2026-07,E009,Amélie Dubois,Executive,Chief Operating Officer,160.0,0.0,0.0,160.0,30.5,0.0,129.5,19.1,0.0,10,9.1,Underutilized,PROJECT_MANAGEMENT_RESTRICTED_PERSONAL,True
2026-08,E009,Amélie Dubois,Executive,Chief Operating Officer,200.0,16.0,8.0,176.0,33.0,0.0,143.0,18.8,0.0,10,8.8,Underutilized,PROJECT_MANAGEMENT_RESTRICTED_PERSONAL,True
2026-09,E009,Amélie Dubois,Executive,Chief Operating Officer,160.0,0.0,0.0,160.0,24.5,0.0,135.5,15.3,0.0,10,5.3,Underutilized,PROJECT_MANAGEMENT_RESTRICTED_PERSONAL,True
2026-10,E009,Amélie Dubois,Executive,Chief Operating Officer,160.0,16.0,0.0,144.0,17.0,0.0,127.0,11.8,0.0,10,1.8,Underutilized,PROJECT_MANAGEMENT_RESTRICTED_PERSONAL,True
2026-11,E009,Amélie Dubois,Executive,Chief Operating Officer,200.0,8.0,8.0,184.0,14.5,0.0,169.5,7.9,0.0,10,-2.1,Underutilized,PROJECT_MANAGEMENT_RESTRICTED_PERSONAL,True
2026-12,E009,Amélie Dubois,Executive,Chief Operating Officer,120.0,0.0,16.0,104.0,3.0,0.0,101.0,2.9,0.0,10,-7.1,Underutilized,PROJECT_MANAGEMENT_RESTRICTED_PERSONAL,True
2026-01,E010,David Martin,Project Management,PMO Director,160.0,0.0,8.0,152.0,36.0,0.0,116.0,23.7,0.0,68,-44.3,Underutilized,PROJECT_MANAGEMENT_RESTRICTED_PERSONAL,True
2026-02,E010,David Martin,Project Management,PMO Director,160.0,16.0,0.0,144.0,50.5,0.0,93.5,35.1,0.0,68,-32.9,Underutilized,PROJECT_MANAGEMENT_RESTRICTED_PERSONAL,True
2026-03,E010,David Martin,Project Management,PMO Director,200.0,0.0,0.0,200.0,80.0,0.0,120.0,40.0,0.0,68,-28.0,Underutilized,PROJECT_MANAGEMENT_RESTRICTED_PERSONAL,True
2026-04,E010,David Martin,Project Management,PMO Director,160.0,24.0,8.0,128.0,55.5,0.0,72.5,43.4,0.0,68,-24.6,Underutilized,PROJECT_MANAGEMENT_RESTRICTED_PERSONAL,True
2026-05,E010,David Martin,Project Management,PMO Director,160.0,0.0,16.0,144.0,70.0,0.0,74.0,48.6,0.0,68,-19.4,Balanced,PROJECT_MANAGEMENT_RESTRICTED_PERSONAL,True
2026-06,E010,David Martin,Project Management,PMO Director,200.0,0.0,8.0,192.0,95.0,0.0,97.0,49.5,0.0,68,-18.5,Balanced,PROJECT_MANAGEMENT_RESTRICTED_PERSONAL,True
2026-07,E010,David Martin,Project Management,PMO Director,160.0,40.0,0.0,120.0,60.0,0.0,60.0,50.0,0.0,68,-18.0,Balanced,PROJECT_MANAGEMENT_RESTRICTED_PERSONAL,True
2026-08,E010,David Martin,Project Management,PMO Director,200.0,24.0,8.0,168.0,84.5,0.0,83.5,50.3,0.0,68,-17.7,Balanced,PROJECT_MANAGEMENT_RESTRICTED_PERSONAL,True
2026-09,E010,David Martin,Project Management,PMO Director,160.0,0.0,0.0,160.0,72.0,0.0,88.0,45.0,0.0,68,-23.0,Underutilized,PROJECT_MANAGEMENT_RESTRICTED_PERSONAL,True
2026-10,E010,David Martin,Project Management,PMO Director,160.0,16.0,0.0,144.0,58.0,0.0,86.0,40.3,0.0,68,-27.7,Underutilized,PROJECT_MANAGEMENT_RESTRICTED_PERSONAL,True
2026-11,E010,David Martin,Project Management,PMO Director,200.0,0.0,8.0,192.0,66.5,0.0,125.5,34.6,0.0,68,-33.4,Underutilized,PROJECT_MANAGEMENT_RESTRICTED_PERSONAL,True
2026-12,E010,David Martin,Project Management,PMO Director,120.0,0.0,16.0,104.0,24.0,0.0,80.0,23.1,0.0,68,-44.9,Underutilized,PROJECT_MANAGEMENT_RESTRICTED_PERSONAL,True
2026-01,E011,Maya Fernandes,Project Management,Senior Project Manager,160.0,0.0,8.0,152.0,92.0,92.0,60.0,60.5,60.5,68,-7.5,Balanced,PROJECT_MANAGEMENT_RESTRICTED_PERSONAL,True
2026-02,E011,Maya Fernandes,Project Management,Senior Project Manager,160.0,0.0,0.0,160.0,156.5,156.5,3.5,97.8,97.8,68,29.8,Balanced,PROJECT_MANAGEMENT_RESTRICTED_PERSONAL,True
2026-03,E011,Maya Fernandes,Project Management,Senior Project Manager,200.0,16.0,0.0,184.0,181.0,181.0,4.0,98.4,98.4,68,30.4,Balanced,PROJECT_MANAGEMENT_RESTRICTED_PERSONAL,True
2026-04,E011,Maya Fernandes,Project Management,Senior Project Manager,160.0,0.0,8.0,152.0,151.0,151.0,2.0,99.3,99.3,68,31.3,Balanced,PROJECT_MANAGEMENT_RESTRICTED_PERSONAL,True
2026-05,E011,Maya Fernandes,Project Management,Senior Project Manager,160.0,24.0,16.0,120.0,115.5,115.5,4.5,96.2,96.2,68,28.2,Balanced,PROJECT_MANAGEMENT_RESTRICTED_PERSONAL,True
2026-06,E011,Maya Fernandes,Project Management,Senior Project Manager,200.0,16.0,8.0,176.0,174.5,174.5,2.5,99.1,99.1,68,31.1,Balanced,PROJECT_MANAGEMENT_RESTRICTED_PERSONAL,True
2026-07,E011,Maya Fernandes,Project Management,Senior Project Manager,160.0,16.0,0.0,144.0,142.0,142.0,2.5,98.6,98.6,68,30.6,Balanced,PROJECT_MANAGEMENT_RESTRICTED_PERSONAL,True
2026-08,E011,Maya Fernandes,Project Management,Senior Project Manager,200.0,0.0,8.0,192.0,191.5,191.5,0.5,99.7,99.7,68,31.7,Balanced,PROJECT_MANAGEMENT_RESTRICTED_PERSONAL,True
2026-09,E011,Maya Fernandes,Project Management,Senior Project Manager,160.0,8.0,0.0,152.0,151.0,151.0,1.5,99.3,99.3,68,31.3,Balanced,PROJECT_MANAGEMENT_RESTRICTED_PERSONAL,True
2026-10,E011,Maya Fernandes,Project Management,Senior Project Manager,160.0,0.0,0.0,160.0,136.5,136.5,23.5,85.3,85.3,68,17.3,Balanced,PROJECT_MANAGEMENT_RESTRICTED_PERSONAL,True
2026-11,E011,Maya Fernandes,Project Management,Senior Project Manager,200.0,40.0,8.0,152.0,133.5,133.5,18.5,87.8,87.8,68,19.8,Balanced,PROJECT_MANAGEMENT_RESTRICTED_PERSONAL,True
2026-12,E011,Maya Fernandes,Project Management,Senior Project Manager,120.0,0.0,16.0,104.0,71.0,71.0,33.0,68.3,68.3,68,0.3,Balanced,PROJECT_MANAGEMENT_RESTRICTED_PERSONAL,True
2026-01,E012,Julien Bernard,Project Management,Senior Project Manager,160.0,0.0,8.0,152.0,82.5,82.5,69.5,54.3,54.3,68,-13.7,Balanced,PROJECT_MANAGEMENT_RESTRICTED_PERSONAL,True
2026-02,E012,Julien Bernard,Project Management,Senior Project Manager,160.0,0.0,0.0,160.0,85.0,85.0,77.0,53.1,53.1,68,-14.9,Balanced,PROJECT_MANAGEMENT_RESTRICTED_PERSONAL,True
2026-03,E012,Julien Bernard,Project Management,Senior Project Manager,200.0,16.0,0.0,184.0,180.5,180.5,3.5,98.1,98.1,68,30.1,Balanced,PROJECT_MANAGEMENT_RESTRICTED_PERSONAL,True
2026-04,E012,Julien Bernard,Project Management,Senior Project Manager,160.0,40.0,8.0,112.0,112.0,112.0,0.0,100.0,100.0,68,32.0,Balanced,PROJECT_MANAGEMENT_RESTRICTED_PERSONAL,True
2026-05,E012,Julien Bernard,Project Management,Senior Project Manager,160.0,0.0,16.0,144.0,142.5,142.5,1.5,99.0,99.0,68,31.0,Balanced,PROJECT_MANAGEMENT_RESTRICTED_PERSONAL,True
2026-06,E012,Julien Bernard,Project Management,Senior Project Manager,200.0,0.0,8.0,192.0,188.0,188.0,4.0,97.9,97.9,68,29.9,Balanced,PROJECT_MANAGEMENT_RESTRICTED_PERSONAL,True
2026-07,E012,Julien Bernard,Project Management,Senior Project Manager,160.0,0.0,0.0,160.0,160.0,160.0,0.0,100.0,100.0,68,32.0,Balanced,PROJECT_MANAGEMENT_RESTRICTED_PERSONAL,True
2026-08,E012,Julien Bernard,Project Management,Senior Project Manager,200.0,0.0,8.0,192.0,188.0,188.0,4.0,97.9,97.9,68,29.9,Balanced,PROJECT_MANAGEMENT_RESTRICTED_PERSONAL,True
2026-09,E012,Julien Bernard,Project Management,Senior Project Manager,160.0,16.0,0.0,144.0,142.5,142.5,1.5,99.0,99.0,68,31.0,Balanced,PROJECT_MANAGEMENT_RESTRICTED_PERSONAL,True
2026-10,E012,Julien Bernard,Project Management,Senior Project Manager,160.0,0.0,0.0,160.0,158.5,158.5,1.5,99.1,99.1,68,31.1,Balanced,PROJECT_MANAGEMENT_RESTRICTED_PERSONAL,True
2026-11,E012,Julien Bernard,Project Management,Senior Project Manager,200.0,40.0,8.0,152.0,147.5,147.5,8.5,97.0,97.0,68,29.0,Balanced,PROJECT_MANAGEMENT_RESTRICTED_PERSONAL,True
2026-12,E012,Julien Bernard,Project Management,Senior Project Manager,120.0,8.0,16.0,96.0,32.5,32.5,63.5,33.9,33.9,68,-34.1,Underutilized,PROJECT_MANAGEMENT_RESTRICTED_PERSONAL,True
2026-01,E013,Sara Khan,Project Management,Project Manager,160.0,0.0,8.0,152.0,77.5,77.5,74.5,51.0,51.0,68,-17.0,Balanced,PROJECT_MANAGEMENT_RESTRICTED_PERSONAL,True
2026-02,E013,Sara Khan,Project Management,Project Manager,160.0,24.0,0.0,136.0,132.0,132.0,4.0,97.1,97.1,68,29.1,Balanced,PROJECT_MANAGEMENT_RESTRICTED_PERSONAL,True
2026-03,E013,Sara Khan,Project Management,Project Manager,200.0,24.0,0.0,176.0,174.0,174.0,2.0,98.9,98.9,68,30.9,Balanced,PROJECT_MANAGEMENT_RESTRICTED_PERSONAL,True
2026-04,E013,Sara Khan,Project Management,Project Manager,160.0,16.0,8.0,136.0,134.5,134.5,1.5,98.9,98.9,68,30.9,Balanced,PROJECT_MANAGEMENT_RESTRICTED_PERSONAL,True
2026-05,E013,Sara Khan,Project Management,Project Manager,160.0,16.0,16.0,128.0,124.5,124.5,3.5,97.3,97.3,68,29.3,Balanced,PROJECT_MANAGEMENT_RESTRICTED_PERSONAL,True
2026-06,E013,Sara Khan,Project Management,Project Manager,200.0,16.0,8.0,176.0,173.0,173.0,3.0,98.3,98.3,68,30.3,Balanced,PROJECT_MANAGEMENT_RESTRICTED_PERSONAL,True
2026-07,E013,Sara Khan,Project Management,Project Manager,160.0,0.0,0.0,160.0,157.0,157.0,3.0,98.1,98.1,68,30.1,Balanced,PROJECT_MANAGEMENT_RESTRICTED_PERSONAL,True
2026-08,E013,Sara Khan,Project Management,Project Manager,200.0,24.0,8.0,168.0,166.5,166.5,1.5,99.1,99.1,68,31.1,Balanced,PROJECT_MANAGEMENT_RESTRICTED_PERSONAL,True
2026-09,E013,Sara Khan,Project Management,Project Manager,160.0,0.0,0.0,160.0,82.0,82.0,72.0,51.2,51.2,68,-16.8,Balanced,PROJECT_MANAGEMENT_RESTRICTED_PERSONAL,True
2026-10,E013,Sara Khan,Project Management,Project Manager,160.0,0.0,0.0,160.0,81.0,81.0,79.0,50.6,50.6,68,-17.4,Balanced,PROJECT_MANAGEMENT_RESTRICTED_PERSONAL,True
2026-11,E013,Sara Khan,Project Management,Project Manager,200.0,0.0,8.0,192.0,0.0,0.0,192.0,0.0,0.0,68,-68.0,Underutilized,PROJECT_MANAGEMENT_RESTRICTED_PERSONAL,True
2026-12,E013,Sara Khan,Project Management,Project Manager,120.0,0.0,16.0,104.0,0.0,0.0,104.0,0.0,0.0,68,-68.0,Underutilized,PROJECT_MANAGEMENT_RESTRICTED_PERSONAL,True
2026-01,E014,Nicolas Wagner,Project Management,Project Manager,160.0,0.0,8.0,152.0,62.0,62.0,90.0,40.8,40.8,68,-27.2,Underutilized,PROJECT_MANAGEMENT_RESTRICTED_PERSONAL,True
2026-02,E014,Nicolas Wagner,Project Management,Project Manager,160.0,16.0,0.0,144.0,73.0,73.0,71.0,50.7,50.7,68,-17.3,Balanced,PROJECT_MANAGEMENT_RESTRICTED_PERSONAL,True
2026-03,E014,Nicolas Wagner,Project Management,Project Manager,200.0,16.0,0.0,184.0,93.0,93.0,91.0,50.5,50.5,68,-17.5,Balanced,PROJECT_MANAGEMENT_RESTRICTED_PERSONAL,True
2026-04,E014,Nicolas Wagner,Project Management,Project Manager,160.0,24.0,8.0,128.0,104.0,104.0,24.0,81.2,81.2,68,13.2,Balanced,PROJECT_MANAGEMENT_RESTRICTED_PERSONAL,True
2026-05,E014,Nicolas Wagner,Project Management,Project Manager,160.0,0.0,16.0,144.0,138.5,138.5,5.5,96.2,96.2,68,28.2,Balanced,PROJECT_MANAGEMENT_RESTRICTED_PERSONAL,True
2026-06,E014,Nicolas Wagner,Project Management,Project Manager,200.0,0.0,8.0,192.0,188.0,188.0,10.0,97.9,97.9,68,29.9,Balanced,PROJECT_MANAGEMENT_RESTRICTED_PERSONAL,True
2026-07,E014,Nicolas Wagner,Project Management,Project Manager,160.0,0.0,0.0,160.0,158.5,158.5,7.5,99.1,99.1,68,31.1,Balanced,PROJECT_MANAGEMENT_RESTRICTED_PERSONAL,True
2026-08,E014,Nicolas Wagner,Project Management,Project Manager,200.0,24.0,8.0,168.0,166.0,166.0,2.0,98.8,98.8,68,30.8,Balanced,PROJECT_MANAGEMENT_RESTRICTED_PERSONAL,True
2026-09,E014,Nicolas Wagner,Project Management,Project Manager,160.0,16.0,0.0,144.0,142.0,142.0,2.0,98.6,98.6,68,30.6,Balanced,PROJECT_MANAGEMENT_RESTRICTED_PERSONAL,True
2026-10,E014,Nicolas Wagner,Project Management,Project Manager,160.0,8.0,0.0,152.0,152.0,152.0,1.0,100.0,100.0,68,32.0,Balanced,PROJECT_MANAGEMENT_RESTRICTED_PERSONAL,True
2026-11,E014,Nicolas Wagner,Project Management,Project Manager,200.0,16.0,8.0,176.0,173.5,173.5,2.5,98.6,98.6,68,30.6,Balanced,PROJECT_MANAGEMENT_RESTRICTED_PERSONAL,True
2026-12,E014,Nicolas Wagner,Project Management,Project Manager,120.0,0.0,16.0,104.0,78.5,78.5,19.5,75.5,75.5,68,7.5,Balanced,PROJECT_MANAGEMENT_RESTRICTED_PERSONAL,True
2026-01,E015,Inès Petit,Project Management,PMO Analyst,160.0,0.0,8.0,152.0,57.5,0.0,94.5,37.8,0.0,68,-30.2,Underutilized,PROJECT_MANAGEMENT_RESTRICTED_PERSONAL,True
2026-02,E015,Inès Petit,Project Management,PMO Analyst,160.0,24.0,0.0,136.0,77.5,0.0,58.5,57.0,0.0,68,-11.0,Balanced,PROJECT_MANAGEMENT_RESTRICTED_PERSONAL,True
2026-03,E015,Inès Petit,Project Management,PMO Analyst,200.0,0.0,0.0,200.0,128.5,0.0,71.5,64.2,0.0,68,-3.8,Balanced,PROJECT_MANAGEMENT_RESTRICTED_PERSONAL,True
2026-04,E015,Inès Petit,Project Management,PMO Analyst,160.0,16.0,8.0,136.0,98.0,0.0,38.0,72.1,0.0,68,4.1,Balanced,PROJECT_MANAGEMENT_RESTRICTED_PERSONAL,True
2026-05,E015,Inès Petit,Project Management,PMO Analyst,160.0,0.0,16.0,144.0,116.0,0.0,28.0,80.6,0.0,68,12.6,Balanced,PROJECT_MANAGEMENT_RESTRICTED_PERSONAL,True
2026-06,E015,Inès Petit,Project Management,PMO Analyst,200.0,16.0,8.0,176.0,142.5,0.0,33.5,81.0,0.0,68,13.0,Balanced,PROJECT_MANAGEMENT_RESTRICTED_PERSONAL,True
2026-07,E015,Inès Petit,Project Management,PMO Analyst,160.0,0.0,0.0,160.0,127.5,0.0,32.5,79.7,0.0,68,11.7,Balanced,PROJECT_MANAGEMENT_RESTRICTED_PERSONAL,True
2026-08,E015,Inès Petit,Project Management,PMO Analyst,200.0,24.0,8.0,168.0,136.5,0.0,31.5,81.2,0.0,68,13.2,Balanced,PROJECT_MANAGEMENT_RESTRICTED_PERSONAL,True
2026-09,E015,Inès Petit,Project Management,PMO Analyst,160.0,24.0,0.0,136.0,98.0,0.0,38.0,72.1,0.0,68,4.1,Balanced,PROJECT_MANAGEMENT_RESTRICTED_PERSONAL,True
2026-10,E015,Inès Petit,Project Management,PMO Analyst,160.0,0.0,0.0,160.0,104.0,0.0,56.0,65.0,0.0,68,-3.0,Balanced,PROJECT_MANAGEMENT_RESTRICTED_PERSONAL,True
2026-11,E015,Inès Petit,Project Management,PMO Analyst,200.0,16.0,8.0,176.0,101.5,0.0,74.5,57.7,0.0,68,-10.3,Balanced,PROJECT_MANAGEMENT_RESTRICTED_PERSONAL,True
2026-12,E015,Inès Petit,Project Management,PMO Analyst,120.0,0.0,16.0,104.0,39.5,0.0,64.5,38.0,0.0,68,-30.0,Underutilized,PROJECT_MANAGEMENT_RESTRICTED_PERSONAL,True
2026-01,E016,Olivier Lefevre,Project Management,Resource Manager,160.0,0.0,8.0,152.0,36.0,0.0,116.0,23.7,0.0,68,-44.3,Underutilized,PROJECT_MANAGEMENT_RESTRICTED_PERSONAL,True
2026-02,E016,Olivier Lefevre,Project Management,Resource Manager,160.0,0.0,0.0,160.0,56.0,0.0,104.0,35.0,0.0,68,-33.0,Underutilized,PROJECT_MANAGEMENT_RESTRICTED_PERSONAL,True
2026-03,E016,Olivier Lefevre,Project Management,Resource Manager,200.0,0.0,0.0,200.0,80.0,0.0,120.0,40.0,0.0,68,-28.0,Underutilized,PROJECT_MANAGEMENT_RESTRICTED_PERSONAL,True
2026-04,E016,Olivier Lefevre,Project Management,Resource Manager,160.0,24.0,8.0,128.0,58.5,0.0,73.5,45.7,0.0,68,-22.3,Underutilized,PROJECT_MANAGEMENT_RESTRICTED_PERSONAL,True
2026-05,E016,Olivier Lefevre,Project Management,Resource Manager,160.0,0.0,16.0,144.0,70.5,0.0,73.5,49.0,0.0,68,-19.0,Balanced,PROJECT_MANAGEMENT_RESTRICTED_PERSONAL,True
2026-06,E016,Olivier Lefevre,Project Management,Resource Manager,200.0,32.0,8.0,160.0,79.5,0.0,76.5,49.7,0.0,68,-18.3,Balanced,PROJECT_MANAGEMENT_RESTRICTED_PERSONAL,True
2026-07,E016,Olivier Lefevre,Project Management,Resource Manager,160.0,8.0,0.0,152.0,75.0,0.0,77.0,49.3,0.0,68,-18.7,Balanced,PROJECT_MANAGEMENT_RESTRICTED_PERSONAL,True
2026-08,E016,Olivier Lefevre,Project Management,Resource Manager,200.0,16.0,8.0,176.0,85.5,0.0,90.5,48.6,0.0,68,-19.4,Balanced,PROJECT_MANAGEMENT_RESTRICTED_PERSONAL,True
2026-09,E016,Olivier Lefevre,Project Management,Resource Manager,160.0,16.0,0.0,144.0,64.0,0.0,80.0,44.4,0.0,68,-23.6,Underutilized,PROJECT_MANAGEMENT_RESTRICTED_PERSONAL,True
2026-10,E016,Olivier Lefevre,Project Management,Resource Manager,160.0,24.0,0.0,136.0,56.0,0.0,80.0,41.2,0.0,68,-26.8,Underutilized,PROJECT_MANAGEMENT_RESTRICTED_PERSONAL,True
2026-11,E016,Olivier Lefevre,Project Management,Resource Manager,200.0,0.0,8.0,192.0,66.5,0.0,125.5,34.6,0.0,68,-33.4,Underutilized,PROJECT_MANAGEMENT_RESTRICTED_PERSONAL,True
2026-12,E016,Olivier Lefevre,Project Management,Resource Manager,120.0,0.0,16.0,104.0,24.0,0.0,86.0,23.1,0.0,68,-44.9,Underutilized,PROJECT_MANAGEMENT_RESTRICTED_PERSONAL,True
2026-01,E017,Amina Amar,Data & AI,Principal Data & AI Architect,160.0,0.0,8.0,152.0,87.5,87.5,66.5,57.6,57.6,78,-20.4,Underutilized,PROJECT_MANAGEMENT_RESTRICTED_PERSONAL,True
2026-02,E017,Amina Amar,Data & AI,Principal Data & AI Architect,160.0,0.0,0.0,160.0,142.5,142.5,17.5,89.1,89.1,78,11.1,Balanced,PROJECT_MANAGEMENT_RESTRICTED_PERSONAL,True
2026-03,E017,Amina Amar,Data & AI,Principal Data & AI Architect,200.0,8.0,0.0,192.0,167.5,167.5,24.5,87.2,87.2,78,9.2,Balanced,PROJECT_MANAGEMENT_RESTRICTED_PERSONAL,True
2026-04,E017,Amina Amar,Data & AI,Principal Data & AI Architect,160.0,24.0,8.0,128.0,110.5,110.5,17.5,86.3,86.3,78,8.3,Balanced,PROJECT_MANAGEMENT_RESTRICTED_PERSONAL,True
2026-05,E017,Amina Amar,Data & AI,Principal Data & AI Architect,160.0,0.0,16.0,144.0,129.5,129.5,10.5,89.9,89.9,78,11.9,Balanced,PROJECT_MANAGEMENT_RESTRICTED_PERSONAL,True
2026-06,E017,Amina Amar,Data & AI,Principal Data & AI Architect,200.0,0.0,8.0,192.0,173.5,173.5,18.5,90.4,90.4,78,12.4,Balanced,PROJECT_MANAGEMENT_RESTRICTED_PERSONAL,True
2026-07,E017,Amina Amar,Data & AI,Principal Data & AI Architect,160.0,40.0,0.0,120.0,109.0,109.0,11.0,90.8,90.8,78,12.8,Balanced,PROJECT_MANAGEMENT_RESTRICTED_PERSONAL,True
2026-08,E017,Amina Amar,Data & AI,Principal Data & AI Architect,200.0,0.0,8.0,192.0,172.0,172.0,14.5,89.6,89.6,78,11.6,Balanced,PROJECT_MANAGEMENT_RESTRICTED_PERSONAL,True
2026-09,E017,Amina Amar,Data & AI,Principal Data & AI Architect,160.0,0.0,0.0,160.0,144.5,144.5,15.5,90.3,90.3,78,12.3,Balanced,PROJECT_MANAGEMENT_RESTRICTED_PERSONAL,True
2026-10,E017,Amina Amar,Data & AI,Principal Data & AI Architect,160.0,48.0,0.0,112.0,99.0,99.0,13.0,88.4,88.4,78,10.4,Balanced,PROJECT_MANAGEMENT_RESTRICTED_PERSONAL,True
2026-11,E017,Amina Amar,Data & AI,Principal Data & AI Architect,200.0,0.0,8.0,192.0,173.5,173.5,18.5,90.4,90.4,78,12.4,Balanced,PROJECT_MANAGEMENT_RESTRICTED_PERSONAL,True
2026-12,E017,Amina Amar,Data & AI,Principal Data & AI Architect,120.0,0.0,16.0,104.0,70.5,70.5,33.5,67.8,67.8,78,-10.2,Balanced,PROJECT_MANAGEMENT_RESTRICTED_PERSONAL,True
2026-01,E018,Gabriel Simon,Data & AI,Senior Data Architect,160.0,0.0,8.0,152.0,104.0,104.0,48.0,68.4,68.4,78,-9.6,Balanced,PROJECT_MANAGEMENT_RESTRICTED_PERSONAL,True
2026-02,E018,Gabriel Simon,Data & AI,Senior Data Architect,160.0,16.0,0.0,144.0,127.0,127.0,17.0,88.2,88.2,78,10.2,Balanced,PROJECT_MANAGEMENT_RESTRICTED_PERSONAL,True
2026-03,E018,Gabriel Simon,Data & AI,Senior Data Architect,200.0,0.0,0.0,200.0,180.5,180.5,19.5,90.2,90.2,78,12.2,Balanced,PROJECT_MANAGEMENT_RESTRICTED_PERSONAL,True
2026-04,E018,Gabriel Simon,Data & AI,Senior Data Architect,160.0,24.0,8.0,128.0,117.0,117.0,11.0,91.4,91.4,78,13.4,Balanced,PROJECT_MANAGEMENT_RESTRICTED_PERSONAL,True
2026-05,E018,Gabriel Simon,Data & AI,Senior Data Architect,160.0,0.0,16.0,144.0,133.0,133.0,11.0,92.4,92.4,78,14.4,Balanced,PROJECT_MANAGEMENT_RESTRICTED_PERSONAL,True
2026-06,E018,Gabriel Simon,Data & AI,Senior Data Architect,200.0,0.0,8.0,192.0,176.5,176.5,15.5,91.9,91.9,78,13.9,Balanced,PROJECT_MANAGEMENT_RESTRICTED_PERSONAL,True
2026-07,E018,Gabriel Simon,Data & AI,Senior Data Architect,160.0,0.0,0.0,160.0,141.5,141.5,18.5,88.4,88.4,78,10.4,Balanced,PROJECT_MANAGEMENT_RESTRICTED_PERSONAL,True
2026-08,E018,Gabriel Simon,Data & AI,Senior Data Architect,200.0,16.0,8.0,176.0,159.5,159.5,20.5,90.6,90.6,78,12.6,Balanced,PROJECT_MANAGEMENT_RESTRICTED_PERSONAL,True
2026-09,E018,Gabriel Simon,Data & AI,Senior Data Architect,160.0,0.0,0.0,160.0,141.5,141.5,18.5,88.4,88.4,78,10.4,Balanced,PROJECT_MANAGEMENT_RESTRICTED_PERSONAL,True
2026-10,E018,Gabriel Simon,Data & AI,Senior Data Architect,160.0,40.0,0.0,120.0,110.0,110.0,7.0,91.7,91.7,78,13.7,Balanced,PROJECT_MANAGEMENT_RESTRICTED_PERSONAL,True
2026-11,E018,Gabriel Simon,Data & AI,Senior Data Architect,200.0,24.0,8.0,168.0,122.5,122.5,45.5,72.9,72.9,78,-5.1,Balanced,PROJECT_MANAGEMENT_RESTRICTED_PERSONAL,True
2026-12,E018,Gabriel Simon,Data & AI,Senior Data Architect,120.0,0.0,16.0,104.0,60.5,60.5,43.5,58.2,58.2,78,-19.8,Balanced,PROJECT_MANAGEMENT_RESTRICTED_PERSONAL,True
2026-01,E019,Eva Moreau,Data & AI,Senior AI Engineer,160.0,24.0,8.0,128.0,0.0,0.0,128.0,0.0,0.0,78,-78.0,Underutilized,PROJECT_MANAGEMENT_RESTRICTED_PERSONAL,True
2026-02,E019,Eva Moreau,Data & AI,Senior AI Engineer,160.0,8.0,0.0,152.0,126.0,126.0,26.0,82.9,82.9,78,4.9,Balanced,PROJECT_MANAGEMENT_RESTRICTED_PERSONAL,True
2026-03,E019,Eva Moreau,Data & AI,Senior AI Engineer,200.0,16.0,0.0,184.0,155.0,155.0,29.0,84.2,84.2,78,6.2,Balanced,PROJECT_MANAGEMENT_RESTRICTED_PERSONAL,True
2026-04,E019,Eva Moreau,Data & AI,Senior AI Engineer,160.0,16.0,8.0,136.0,109.5,109.5,26.5,80.5,80.5,78,2.5,Balanced,PROJECT_MANAGEMENT_RESTRICTED_PERSONAL,True
2026-05,E019,Eva Moreau,Data & AI,Senior AI Engineer,160.0,0.0,16.0,144.0,140.0,140.0,4.0,97.2,97.2,78,19.2,Balanced,PROJECT_MANAGEMENT_RESTRICTED_PERSONAL,True
2026-06,E019,Eva Moreau,Data & AI,Senior AI Engineer,200.0,16.0,8.0,176.0,173.5,173.5,2.5,98.6,98.6,78,20.6,Balanced,PROJECT_MANAGEMENT_RESTRICTED_PERSONAL,True
2026-07,E019,Eva Moreau,Data & AI,Senior AI Engineer,160.0,24.0,0.0,136.0,131.0,131.0,5.0,96.3,96.3,78,18.3,Balanced,PROJECT_MANAGEMENT_RESTRICTED_PERSONAL,True
2026-08,E019,Eva Moreau,Data & AI,Senior AI Engineer,200.0,0.0,8.0,192.0,189.5,189.5,2.5,98.7,98.7,78,20.7,Balanced,PROJECT_MANAGEMENT_RESTRICTED_PERSONAL,True
2026-09,E019,Eva Moreau,Data & AI,Senior AI Engineer,160.0,0.0,0.0,160.0,160.0,160.0,0.0,100.0,100.0,78,22.0,Balanced,PROJECT_MANAGEMENT_RESTRICTED_PERSONAL,True
2026-10,E019,Eva Moreau,Data & AI,Senior AI Engineer,160.0,16.0,0.0,144.0,142.0,142.0,2.0,98.6,98.6,78,20.6,Balanced,PROJECT_MANAGEMENT_RESTRICTED_PERSONAL,True
2026-11,E019,Eva Moreau,Data & AI,Senior AI Engineer,200.0,0.0,8.0,192.0,190.5,190.5,1.5,99.2,99.2,78,21.2,Balanced,PROJECT_MANAGEMENT_RESTRICTED_PERSONAL,True
2026-12,E019,Eva Moreau,Data & AI,Senior AI Engineer,120.0,0.0,16.0,104.0,79.0,79.0,25.0,76.0,76.0,78,-2.0,Balanced,PROJECT_MANAGEMENT_RESTRICTED_PERSONAL,True
2026-01,E020,Antoine Robert,Data & AI,Data Engineer,160.0,0.0,8.0,152.0,102.0,102.0,50.0,67.1,67.1,78,-10.9,Balanced,PROJECT_MANAGEMENT_RESTRICTED_PERSONAL,True
2026-02,E020,Antoine Robert,Data & AI,Data Engineer,160.0,8.0,0.0,152.0,150.5,150.5,1.5,99.0,99.0,78,21.0,Balanced,PROJECT_MANAGEMENT_RESTRICTED_PERSONAL,True
2026-03,E020,Antoine Robert,Data & AI,Data Engineer,200.0,0.0,0.0,200.0,198.5,198.5,1.5,99.2,99.2,78,21.2,Balanced,PROJECT_MANAGEMENT_RESTRICTED_PERSONAL,True
2026-04,E020,Antoine Robert,Data & AI,Data Engineer,160.0,0.0,8.0,152.0,146.0,146.0,6.0,96.1,96.1,78,18.1,Balanced,PROJECT_MANAGEMENT_RESTRICTED_PERSONAL,True
2026-05,E020,Antoine Robert,Data & AI,Data Engineer,160.0,16.0,16.0,128.0,125.5,125.5,2.5,98.0,98.0,78,20.0,Balanced,PROJECT_MANAGEMENT_RESTRICTED_PERSONAL,True
2026-06,E020,Antoine Robert,Data & AI,Data Engineer,200.0,0.0,8.0,192.0,185.5,185.5,6.5,96.6,96.6,78,18.6,Balanced,PROJECT_MANAGEMENT_RESTRICTED_PERSONAL,True
2026-07,E020,Antoine Robert,Data & AI,Data Engineer,160.0,0.0,0.0,160.0,157.5,157.5,2.5,98.4,98.4,78,20.4,Balanced,PROJECT_MANAGEMENT_RESTRICTED_PERSONAL,True
2026-08,E020,Antoine Robert,Data & AI,Data Engineer,200.0,40.0,8.0,152.0,149.0,149.0,3.0,98.0,98.0,78,20.0,Balanced,PROJECT_MANAGEMENT_RESTRICTED_PERSONAL,True
2026-09,E020,Antoine Robert,Data & AI,Data Engineer,160.0,24.0,0.0,136.0,131.5,131.5,4.5,96.7,96.7,78,18.7,Balanced,PROJECT_MANAGEMENT_RESTRICTED_PERSONAL,True
2026-10,E020,Antoine Robert,Data & AI,Data Engineer,160.0,16.0,0.0,144.0,138.0,138.0,6.0,95.8,95.8,78,17.8,Balanced,PROJECT_MANAGEMENT_RESTRICTED_PERSONAL,True
2026-11,E020,Antoine Robert,Data & AI,Data Engineer,200.0,16.0,8.0,176.0,126.0,126.0,54.0,71.6,71.6,78,-6.4,Balanced,PROJECT_MANAGEMENT_RESTRICTED_PERSONAL,True
2026-12,E020,Antoine Robert,Data & AI,Data Engineer,120.0,0.0,16.0,104.0,56.5,56.5,47.5,54.3,54.3,78,-23.7,Underutilized,PROJECT_MANAGEMENT_RESTRICTED_PERSONAL,True
2026-01,E021,Lea Nguyen,Data & AI,ML Engineer,160.0,0.0,8.0,152.0,0.0,0.0,152.0,0.0,0.0,78,-78.0,Underutilized,PROJECT_MANAGEMENT_RESTRICTED_PERSONAL,True
2026-02,E021,Lea Nguyen,Data & AI,ML Engineer,160.0,0.0,0.0,160.0,130.5,130.5,29.5,81.6,81.6,78,3.6,Balanced,PROJECT_MANAGEMENT_RESTRICTED_PERSONAL,True
2026-03,E021,Lea Nguyen,Data & AI,ML Engineer,200.0,0.0,0.0,200.0,157.0,157.0,43.0,78.5,78.5,78,0.5,Balanced,PROJECT_MANAGEMENT_RESTRICTED_PERSONAL,True
2026-04,E021,Lea Nguyen,Data & AI,ML Engineer,160.0,16.0,8.0,136.0,108.5,108.5,27.5,79.8,79.8,78,1.8,Balanced,PROJECT_MANAGEMENT_RESTRICTED_PERSONAL,True
2026-05,E021,Lea Nguyen,Data & AI,ML Engineer,160.0,24.0,16.0,120.0,117.0,117.0,3.0,97.5,97.5,78,19.5,Balanced,PROJECT_MANAGEMENT_RESTRICTED_PERSONAL,True
2026-06,E021,Lea Nguyen,Data & AI,ML Engineer,200.0,16.0,8.0,176.0,169.5,169.5,6.5,96.3,96.3,78,18.3,Balanced,PROJECT_MANAGEMENT_RESTRICTED_PERSONAL,True
2026-07,E021,Lea Nguyen,Data & AI,ML Engineer,160.0,16.0,0.0,144.0,139.0,139.0,5.0,96.5,96.5,78,18.5,Balanced,PROJECT_MANAGEMENT_RESTRICTED_PERSONAL,True
2026-08,E021,Lea Nguyen,Data & AI,ML Engineer,200.0,40.0,8.0,152.0,149.5,149.5,2.0,98.4,98.4,78,20.4,Balanced,PROJECT_MANAGEMENT_RESTRICTED_PERSONAL,True
2026-09,E021,Lea Nguyen,Data & AI,ML Engineer,160.0,8.0,0.0,152.0,151.0,151.0,1.0,99.3,99.3,78,21.3,Balanced,PROJECT_MANAGEMENT_RESTRICTED_PERSONAL,True
2026-10,E021,Lea Nguyen,Data & AI,ML Engineer,160.0,0.0,0.0,160.0,154.5,154.5,5.5,96.6,96.6,78,18.6,Balanced,PROJECT_MANAGEMENT_RESTRICTED_PERSONAL,True
2026-11,E021,Lea Nguyen,Data & AI,ML Engineer,200.0,0.0,8.0,192.0,189.5,189.5,2.5,98.7,98.7,78,20.7,Balanced,PROJECT_MANAGEMENT_RESTRICTED_PERSONAL,True
2026-12,E021,Lea Nguyen,Data & AI,ML Engineer,120.0,0.0,16.0,104.0,80.0,80.0,24.0,76.9,76.9,78,-1.1,Balanced,PROJECT_MANAGEMENT_RESTRICTED_PERSONAL,True
2026-01,E022,Hugo Laurent,Data & AI,Data Scientist,160.0,0.0,8.0,152.0,0.0,0.0,152.0,0.0,0.0,78,-78.0,Underutilized,PROJECT_MANAGEMENT_RESTRICTED_PERSONAL,True
2026-02,E022,Hugo Laurent,Data & AI,Data Scientist,160.0,16.0,0.0,144.0,0.0,0.0,144.0,0.0,0.0,78,-78.0,Underutilized,PROJECT_MANAGEMENT_RESTRICTED_PERSONAL,True
2026-03,E022,Hugo Laurent,Data & AI,Data Scientist,200.0,16.0,0.0,184.0,128.0,128.0,56.0,69.6,69.6,78,-8.4,Balanced,PROJECT_MANAGEMENT_RESTRICTED_PERSONAL,True
2026-04,E022,Hugo Laurent,Data & AI,Data Scientist,160.0,32.0,8.0,120.0,84.0,84.0,36.0,70.0,70.0,78,-8.0,Balanced,PROJECT_MANAGEMENT_RESTRICTED_PERSONAL,True
2026-05,E022,Hugo Laurent,Data & AI,Data Scientist,160.0,24.0,16.0,120.0,117.0,117.0,3.0,97.5,97.5,78,19.5,Balanced,PROJECT_MANAGEMENT_RESTRICTED_PERSONAL,True
2026-06,E022,Hugo Laurent,Data & AI,Data Scientist,200.0,0.0,8.0,192.0,191.5,191.5,4.5,99.7,99.7,78,21.7,Balanced,PROJECT_MANAGEMENT_RESTRICTED_PERSONAL,True
2026-07,E022,Hugo Laurent,Data & AI,Data Scientist,160.0,16.0,0.0,144.0,141.0,141.0,3.0,97.9,97.9,78,19.9,Balanced,PROJECT_MANAGEMENT_RESTRICTED_PERSONAL,True
2026-08,E022,Hugo Laurent,Data & AI,Data Scientist,200.0,0.0,8.0,192.0,188.5,188.5,3.5,98.2,98.2,78,20.2,Balanced,PROJECT_MANAGEMENT_RESTRICTED_PERSONAL,True
2026-09,E022,Hugo Laurent,Data & AI,Data Scientist,160.0,16.0,0.0,144.0,139.5,139.5,4.5,96.9,96.9,78,18.9,Balanced,PROJECT_MANAGEMENT_RESTRICTED_PERSONAL,True
2026-10,E022,Hugo Laurent,Data & AI,Data Scientist,160.0,0.0,0.0,160.0,160.0,160.0,0.0,100.0,100.0,78,22.0,Balanced,PROJECT_MANAGEMENT_RESTRICTED_PERSONAL,True
2026-11,E022,Hugo Laurent,Data & AI,Data Scientist,200.0,0.0,8.0,192.0,185.5,185.5,6.5,96.6,96.6,78,18.6,Balanced,PROJECT_MANAGEMENT_RESTRICTED_PERSONAL,True
2026-12,E022,Hugo Laurent,Data & AI,Data Scientist,120.0,0.0,16.0,104.0,79.5,79.5,24.5,76.4,76.4,78,-1.6,Balanced,PROJECT_MANAGEMENT_RESTRICTED_PERSONAL,True
2026-01,E023,Mila Costa,Cloud & Platform,Cloud Architect,160.0,0.0,8.0,152.0,146.5,146.5,5.5,96.4,96.4,78,18.4,Balanced,PROJECT_MANAGEMENT_RESTRICTED_PERSONAL,True
2026-02,E023,Mila Costa,Cloud & Platform,Cloud Architect,160.0,0.0,0.0,160.0,155.0,155.0,5.0,96.9,96.9,78,18.9,Balanced,PROJECT_MANAGEMENT_RESTRICTED_PERSONAL,True
2026-03,E023,Mila Costa,Cloud & Platform,Cloud Architect,200.0,32.0,0.0,168.0,165.0,165.0,3.0,98.2,98.2,78,20.2,Balanced,PROJECT_MANAGEMENT_RESTRICTED_PERSONAL,True
2026-04,E023,Mila Costa,Cloud & Platform,Cloud Architect,160.0,24.0,8.0,128.0,121.5,121.5,6.5,94.9,94.9,78,16.9,Balanced,PROJECT_MANAGEMENT_RESTRICTED_PERSONAL,True
2026-05,E023,Mila Costa,Cloud & Platform,Cloud Architect,160.0,32.0,16.0,112.0,112.0,112.0,0.0,100.0,100.0,78,22.0,Balanced,PROJECT_MANAGEMENT_RESTRICTED_PERSONAL,True
2026-06,E023,Mila Costa,Cloud & Platform,Cloud Architect,200.0,0.0,8.0,192.0,190.0,190.0,2.0,99.0,99.0,78,21.0,Balanced,PROJECT_MANAGEMENT_RESTRICTED_PERSONAL,True
2026-07,E023,Mila Costa,Cloud & Platform,Cloud Architect,160.0,0.0,0.0,160.0,153.5,153.5,6.5,95.9,95.9,78,17.9,Balanced,PROJECT_MANAGEMENT_RESTRICTED_PERSONAL,True
2026-08,E023,Mila Costa,Cloud & Platform,Cloud Architect,200.0,0.0,8.0,192.0,188.0,188.0,8.0,97.9,97.9,78,19.9,Balanced,PROJECT_MANAGEMENT_RESTRICTED_PERSONAL,True
2026-09,E023,Mila Costa,Cloud & Platform,Cloud Architect,160.0,0.0,0.0,160.0,33.0,33.0,127.0,20.6,20.6,78,-57.4,Underutilized,PROJECT_MANAGEMENT_RESTRICTED_PERSONAL,True
2026-10,E023,Mila Costa,Cloud & Platform,Cloud Architect,160.0,16.0,0.0,144.0,27.5,27.5,116.5,19.1,19.1,78,-58.9,Underutilized,PROJECT_MANAGEMENT_RESTRICTED_PERSONAL,True
2026-11,E023,Mila Costa,Cloud & Platform,Cloud Architect,200.0,16.0,8.0,176.0,36.5,36.5,139.5,20.7,20.7,78,-57.3,Underutilized,PROJECT_MANAGEMENT_RESTRICTED_PERSONAL,True
2026-12,E023,Mila Costa,Cloud & Platform,Cloud Architect,120.0,0.0,16.0,104.0,17.0,17.0,87.0,16.3,16.3,78,-61.7,Underutilized,PROJECT_MANAGEMENT_RESTRICTED_PERSONAL,True
2026-01,E024,Louis Fontaine,Cloud & Platform,DevOps Engineer,160.0,0.0,8.0,152.0,121.5,121.5,30.5,79.9,79.9,78,1.9,Balanced,PROJECT_MANAGEMENT_RESTRICTED_PERSONAL,True
2026-02,E024,Louis Fontaine,Cloud & Platform,DevOps Engineer,160.0,0.0,0.0,160.0,157.0,157.0,3.0,98.1,98.1,78,20.1,Balanced,PROJECT_MANAGEMENT_RESTRICTED_PERSONAL,True
2026-03,E024,Louis Fontaine,Cloud & Platform,DevOps Engineer,200.0,0.0,0.0,200.0,197.0,197.0,3.0,98.5,98.5,78,20.5,Balanced,PROJECT_MANAGEMENT_RESTRICTED_PERSONAL,True
2026-04,E024,Louis Fontaine,Cloud & Platform,DevOps Engineer,160.0,16.0,8.0,136.0,130.0,130.0,4.5,95.6,95.6,78,17.6,Balanced,PROJECT_MANAGEMENT_RESTRICTED_PERSONAL,True
2026-05,E024,Louis Fontaine,Cloud & Platform,DevOps Engineer,160.0,0.0,16.0,144.0,139.0,139.0,5.0,96.5,96.5,78,18.5,Balanced,PROJECT_MANAGEMENT_RESTRICTED_PERSONAL,True
2026-06,E024,Louis Fontaine,Cloud & Platform,DevOps Engineer,200.0,8.0,8.0,184.0,181.5,181.5,2.5,98.6,98.6,78,20.6,Balanced,PROJECT_MANAGEMENT_RESTRICTED_PERSONAL,True
2026-07,E024,Louis Fontaine,Cloud & Platform,DevOps Engineer,160.0,40.0,0.0,120.0,115.0,115.0,5.0,95.8,95.8,78,17.8,Balanced,PROJECT_MANAGEMENT_RESTRICTED_PERSONAL,True
2026-08,E024,Louis Fontaine,Cloud & Platform,DevOps Engineer,200.0,40.0,8.0,152.0,149.5,149.5,6.5,98.4,98.4,78,20.4,Balanced,PROJECT_MANAGEMENT_RESTRICTED_PERSONAL,True
2026-09,E024,Louis Fontaine,Cloud & Platform,DevOps Engineer,160.0,16.0,0.0,144.0,28.5,28.5,115.5,19.8,19.8,78,-58.2,Underutilized,PROJECT_MANAGEMENT_RESTRICTED_PERSONAL,True
2026-10,E024,Louis Fontaine,Cloud & Platform,DevOps Engineer,160.0,0.0,0.0,160.0,30.5,30.5,129.5,19.1,19.1,78,-58.9,Underutilized,PROJECT_MANAGEMENT_RESTRICTED_PERSONAL,True
2026-11,E024,Louis Fontaine,Cloud & Platform,DevOps Engineer,200.0,0.0,8.0,192.0,37.5,37.5,154.5,19.5,19.5,78,-58.5,Underutilized,PROJECT_MANAGEMENT_RESTRICTED_PERSONAL,True
2026-12,E024,Louis Fontaine,Cloud & Platform,DevOps Engineer,120.0,0.0,16.0,104.0,15.5,15.5,88.5,14.9,14.9,78,-63.1,Underutilized,PROJECT_MANAGEMENT_RESTRICTED_PERSONAL,True
2026-01,E025,Camille Garcia,Cloud & Platform,Platform Engineer,160.0,0.0,8.0,152.0,152.0,152.0,0.0,100.0,100.0,78,22.0,Balanced,PROJECT_MANAGEMENT_RESTRICTED_PERSONAL,True
2026-02,E025,Camille Garcia,Cloud & Platform,Platform Engineer,160.0,0.0,0.0,160.0,160.0,160.0,0.0,100.0,100.0,78,22.0,Balanced,PROJECT_MANAGEMENT_RESTRICTED_PERSONAL,True
2026-03,E025,Camille Garcia,Cloud & Platform,Platform Engineer,200.0,0.0,0.0,200.0,195.0,195.0,5.0,97.5,97.5,78,19.5,Balanced,PROJECT_MANAGEMENT_RESTRICTED_PERSONAL,True
2026-04,E025,Camille Garcia,Cloud & Platform,Platform Engineer,160.0,0.0,8.0,152.0,150.5,150.5,1.5,99.0,99.0,78,21.0,Balanced,PROJECT_MANAGEMENT_RESTRICTED_PERSONAL,True
2026-05,E025,Camille Garcia,Cloud & Platform,Platform Engineer,160.0,24.0,16.0,120.0,120.0,120.0,0.0,100.0,100.0,78,22.0,Balanced,PROJECT_MANAGEMENT_RESTRICTED_PERSONAL,True
2026-06,E025,Camille Garcia,Cloud & Platform,Platform Engineer,200.0,24.0,8.0,168.0,166.0,166.0,2.0,98.8,98.8,78,20.8,Balanced,PROJECT_MANAGEMENT_RESTRICTED_PERSONAL,True
2026-07,E025,Camille Garcia,Cloud & Platform,Platform Engineer,160.0,16.0,0.0,144.0,144.0,144.0,0.0,100.0,100.0,78,22.0,Balanced,PROJECT_MANAGEMENT_RESTRICTED_PERSONAL,True
2026-08,E025,Camille Garcia,Cloud & Platform,Platform Engineer,200.0,16.0,8.0,176.0,171.5,171.5,4.5,97.4,97.4,78,19.4,Balanced,PROJECT_MANAGEMENT_RESTRICTED_PERSONAL,True
2026-09,E025,Camille Garcia,Cloud & Platform,Platform Engineer,160.0,0.0,0.0,160.0,49.5,49.5,110.5,30.9,30.9,78,-47.1,Underutilized,PROJECT_MANAGEMENT_RESTRICTED_PERSONAL,True
2026-10,E025,Camille Garcia,Cloud & Platform,Platform Engineer,160.0,16.0,0.0,144.0,0.0,0.0,144.0,0.0,0.0,78,-78.0,Underutilized,PROJECT_MANAGEMENT_RESTRICTED_PERSONAL,True
2026-11,E025,Camille Garcia,Cloud & Platform,Platform Engineer,200.0,24.0,8.0,168.0,0.0,0.0,168.0,0.0,0.0,78,-78.0,Underutilized,PROJECT_MANAGEMENT_RESTRICTED_PERSONAL,True
2026-12,E025,Camille Garcia,Cloud & Platform,Platform Engineer,120.0,0.0,16.0,104.0,0.0,0.0,104.0,0.0,0.0,78,-78.0,Underutilized,PROJECT_MANAGEMENT_RESTRICTED_PERSONAL,True
2026-01,E026,Noah Durand,Cybersecurity,Security Architect,160.0,0.0,8.0,152.0,138.5,138.5,7.5,91.1,91.1,78,13.1,Balanced,PROJECT_MANAGEMENT_RESTRICTED_PERSONAL,True
2026-02,E026,Noah Durand,Cybersecurity,Security Architect,160.0,0.0,0.0,160.0,158.0,158.0,2.0,98.8,98.8,78,20.8,Balanced,PROJECT_MANAGEMENT_RESTRICTED_PERSONAL,True
2026-03,E026,Noah Durand,Cybersecurity,Security Architect,200.0,16.0,0.0,184.0,180.0,180.0,4.0,97.8,97.8,78,19.8,Balanced,PROJECT_MANAGEMENT_RESTRICTED_PERSONAL,True
2026-04,E026,Noah Durand,Cybersecurity,Security Architect,160.0,8.0,8.0,144.0,142.5,142.5,6.0,99.0,99.0,78,21.0,Balanced,PROJECT_MANAGEMENT_RESTRICTED_PERSONAL,True
2026-05,E026,Noah Durand,Cybersecurity,Security Architect,160.0,0.0,16.0,144.0,141.0,141.0,3.5,97.9,97.9,78,19.9,Balanced,PROJECT_MANAGEMENT_RESTRICTED_PERSONAL,True
2026-06,E026,Noah Durand,Cybersecurity,Security Architect,200.0,40.0,8.0,152.0,147.0,147.0,5.0,96.7,96.7,78,18.7,Balanced,PROJECT_MANAGEMENT_RESTRICTED_PERSONAL,True
2026-07,E026,Noah Durand,Cybersecurity,Security Architect,160.0,0.0,0.0,160.0,158.5,158.5,1.5,99.1,99.1,78,21.1,Balanced,PROJECT_MANAGEMENT_RESTRICTED_PERSONAL,True
2026-08,E026,Noah Durand,Cybersecurity,Security Architect,200.0,16.0,8.0,176.0,172.5,172.5,4.0,98.0,98.0,78,20.0,Balanced,PROJECT_MANAGEMENT_RESTRICTED_PERSONAL,True
2026-09,E026,Noah Durand,Cybersecurity,Security Architect,160.0,16.0,0.0,144.0,143.5,143.5,1.5,99.7,99.7,78,21.7,Balanced,PROJECT_MANAGEMENT_RESTRICTED_PERSONAL,True
2026-10,E026,Noah Durand,Cybersecurity,Security Architect,160.0,0.0,0.0,160.0,156.0,156.0,4.0,97.5,97.5,78,19.5,Balanced,PROJECT_MANAGEMENT_RESTRICTED_PERSONAL,True
2026-11,E026,Noah Durand,Cybersecurity,Security Architect,200.0,0.0,8.0,192.0,188.5,188.5,4.0,98.2,98.2,78,20.2,Balanced,PROJECT_MANAGEMENT_RESTRICTED_PERSONAL,True
2026-12,E026,Noah Durand,Cybersecurity,Security Architect,120.0,24.0,16.0,80.0,32.0,32.0,48.0,40.0,40.0,78,-38.0,Underutilized,PROJECT_MANAGEMENT_RESTRICTED_PERSONAL,True
2026-01,E027,Emma Lopez,Cybersecurity,Security Engineer,160.0,8.0,8.0,144.0,104.5,104.5,37.5,72.6,72.6,78,-5.4,Balanced,PROJECT_MANAGEMENT_RESTRICTED_PERSONAL,True
2026-02,E027,Emma Lopez,Cybersecurity,Security Engineer,160.0,0.0,0.0,160.0,158.0,158.0,0.5,98.8,98.8,78,20.8,Balanced,PROJECT_MANAGEMENT_RESTRICTED_PERSONAL,True
2026-03,E027,Emma Lopez,Cybersecurity,Security Engineer,200.0,16.0,0.0,184.0,181.0,181.0,3.0,98.4,98.4,78,20.4,Balanced,PROJECT_MANAGEMENT_RESTRICTED_PERSONAL,True
2026-04,E027,Emma Lopez,Cybersecurity,Security Engineer,160.0,0.0,8.0,152.0,150.0,150.0,2.5,98.7,98.7,78,20.7,Balanced,PROJECT_MANAGEMENT_RESTRICTED_PERSONAL,True
2026-05,E027,Emma Lopez,Cybersecurity,Security Engineer,160.0,0.0,16.0,144.0,144.0,144.0,0.5,100.0,100.0,78,22.0,Balanced,PROJECT_MANAGEMENT_RESTRICTED_PERSONAL,True
2026-06,E027,Emma Lopez,Cybersecurity,Security Engineer,200.0,0.0,8.0,192.0,191.0,191.0,2.0,99.5,99.5,78,21.5,Balanced,PROJECT_MANAGEMENT_RESTRICTED_PERSONAL,True
2026-07,E027,Emma Lopez,Cybersecurity,Security Engineer,160.0,16.0,0.0,144.0,142.0,142.0,4.5,98.6,98.6,78,20.6,Balanced,PROJECT_MANAGEMENT_RESTRICTED_PERSONAL,True
2026-08,E027,Emma Lopez,Cybersecurity,Security Engineer,200.0,56.0,8.0,136.0,135.5,135.5,1.0,99.6,99.6,78,21.6,Balanced,PROJECT_MANAGEMENT_RESTRICTED_PERSONAL,True
2026-09,E027,Emma Lopez,Cybersecurity,Security Engineer,160.0,24.0,0.0,136.0,82.0,82.0,54.0,60.3,60.3,78,-17.7,Balanced,PROJECT_MANAGEMENT_RESTRICTED_PERSONAL,True
2026-10,E027,Emma Lopez,Cybersecurity,Security Engineer,160.0,0.0,0.0,160.0,94.5,94.5,59.5,59.1,59.1,78,-18.9,Balanced,PROJECT_MANAGEMENT_RESTRICTED_PERSONAL,True
2026-11,E027,Emma Lopez,Cybersecurity,Security Engineer,200.0,0.0,8.0,192.0,116.0,116.0,76.0,60.4,60.4,78,-17.6,Balanced,PROJECT_MANAGEMENT_RESTRICTED_PERSONAL,True
2026-12,E027,Emma Lopez,Cybersecurity,Security Engineer,120.0,0.0,16.0,104.0,46.5,46.5,57.5,44.7,44.7,78,-33.3,Underutilized,PROJECT_MANAGEMENT_RESTRICTED_PERSONAL,True
2026-01,E028,Arthur Mercier,Consulting,Senior Business Consultant,160.0,0.0,8.0,152.0,106.0,106.0,46.0,69.7,69.7,78,-8.3,Balanced,PROJECT_MANAGEMENT_RESTRICTED_PERSONAL,True
2026-02,E028,Arthur Mercier,Consulting,Senior Business Consultant,160.0,0.0,0.0,160.0,159.5,159.5,0.5,99.7,99.7,78,21.7,Balanced,PROJECT_MANAGEMENT_RESTRICTED_PERSONAL,True
2026-03,E028,Arthur Mercier,Consulting,Senior Business Consultant,200.0,24.0,0.0,176.0,173.0,173.0,3.0,98.3,98.3,78,20.3,Balanced,PROJECT_MANAGEMENT_RESTRICTED_PERSONAL,True
2026-04,E028,Arthur Mercier,Consulting,Senior Business Consultant,160.0,0.0,8.0,152.0,148.5,148.5,3.5,97.7,97.7,78,19.7,Balanced,PROJECT_MANAGEMENT_RESTRICTED_PERSONAL,True
2026-05,E028,Arthur Mercier,Consulting,Senior Business Consultant,160.0,0.0,16.0,144.0,142.5,142.5,1.5,99.0,99.0,78,21.0,Balanced,PROJECT_MANAGEMENT_RESTRICTED_PERSONAL,True
2026-06,E028,Arthur Mercier,Consulting,Senior Business Consultant,200.0,24.0,8.0,168.0,166.5,166.5,1.5,99.1,99.1,78,21.1,Balanced,PROJECT_MANAGEMENT_RESTRICTED_PERSONAL,True
2026-07,E028,Arthur Mercier,Consulting,Senior Business Consultant,160.0,0.0,0.0,160.0,157.5,157.5,3.0,98.4,98.4,78,20.4,Balanced,PROJECT_MANAGEMENT_RESTRICTED_PERSONAL,True
2026-08,E028,Arthur Mercier,Consulting,Senior Business Consultant,200.0,16.0,8.0,176.0,173.5,173.5,2.5,98.6,98.6,78,20.6,Balanced,PROJECT_MANAGEMENT_RESTRICTED_PERSONAL,True
2026-09,E028,Arthur Mercier,Consulting,Senior Business Consultant,160.0,40.0,0.0,120.0,120.5,120.5,0.0,100.4,100.4,78,22.4,Balanced,PROJECT_MANAGEMENT_RESTRICTED_PERSONAL,True
2026-10,E028,Arthur Mercier,Consulting,Senior Business Consultant,160.0,0.0,0.0,160.0,157.0,157.0,3.0,98.1,98.1,78,20.1,Balanced,PROJECT_MANAGEMENT_RESTRICTED_PERSONAL,True
2026-11,E028,Arthur Mercier,Consulting,Senior Business Consultant,200.0,16.0,8.0,176.0,121.5,121.5,54.5,69.0,69.0,78,-9.0,Balanced,PROJECT_MANAGEMENT_RESTRICTED_PERSONAL,True
2026-12,E028,Arthur Mercier,Consulting,Senior Business Consultant,120.0,0.0,16.0,104.0,38.0,38.0,66.0,36.5,36.5,78,-41.5,Underutilized,PROJECT_MANAGEMENT_RESTRICTED_PERSONAL,True
2026-01,E029,Chloé Diallo,Consulting,Business Consultant,160.0,0.0,8.0,152.0,0.0,0.0,152.0,0.0,0.0,78,-78.0,Underutilized,PROJECT_MANAGEMENT_RESTRICTED_PERSONAL,True
2026-02,E029,Chloé Diallo,Consulting,Business Consultant,160.0,0.0,0.0,160.0,65.5,65.5,94.5,40.9,40.9,78,-37.1,Underutilized,PROJECT_MANAGEMENT_RESTRICTED_PERSONAL,True
2026-03,E029,Chloé Diallo,Consulting,Business Consultant,200.0,16.0,0.0,184.0,180.5,180.5,3.5,98.1,98.1,78,20.1,Balanced,PROJECT_MANAGEMENT_RESTRICTED_PERSONAL,True
2026-04,E029,Chloé Diallo,Consulting,Business Consultant,160.0,0.0,8.0,152.0,150.5,150.5,0.0,99.0,99.0,78,21.0,Balanced,PROJECT_MANAGEMENT_RESTRICTED_PERSONAL,True
2026-05,E029,Chloé Diallo,Consulting,Business Consultant,160.0,24.0,16.0,120.0,119.5,119.5,0.5,99.6,99.6,78,21.6,Balanced,PROJECT_MANAGEMENT_RESTRICTED_PERSONAL,True
2026-06,E029,Chloé Diallo,Consulting,Business Consultant,200.0,8.0,8.0,184.0,178.5,178.5,5.5,97.0,97.0,78,19.0,Balanced,PROJECT_MANAGEMENT_RESTRICTED_PERSONAL,True
2026-07,E029,Chloé Diallo,Consulting,Business Consultant,160.0,0.0,0.0,160.0,157.5,157.5,2.5,98.4,98.4,78,20.4,Balanced,PROJECT_MANAGEMENT_RESTRICTED_PERSONAL,True
2026-08,E029,Chloé Diallo,Consulting,Business Consultant,200.0,16.0,8.0,176.0,174.0,174.0,2.0,98.9,98.9,78,20.9,Balanced,PROJECT_MANAGEMENT_RESTRICTED_PERSONAL,True
2026-09,E029,Chloé Diallo,Consulting,Business Consultant,160.0,16.0,0.0,144.0,141.5,141.5,2.5,98.3,98.3,78,20.3,Balanced,PROJECT_MANAGEMENT_RESTRICTED_PERSONAL,True
2026-10,E029,Chloé Diallo,Consulting,Business Consultant,160.0,16.0,0.0,144.0,140.0,140.0,4.0,97.2,97.2,78,19.2,Balanced,PROJECT_MANAGEMENT_RESTRICTED_PERSONAL,True
2026-11,E029,Chloé Diallo,Consulting,Business Consultant,200.0,0.0,8.0,192.0,116.5,116.5,75.5,60.7,60.7,78,-17.3,Balanced,PROJECT_MANAGEMENT_RESTRICTED_PERSONAL,True
2026-12,E029,Chloé Diallo,Consulting,Business Consultant,120.0,24.0,16.0,80.0,36.0,36.0,44.0,45.0,45.0,78,-33.0,Underutilized,PROJECT_MANAGEMENT_RESTRICTED_PERSONAL,True
2026-01,E030,Rayan Fischer,Applications,Senior Software Engineer,160.0,0.0,8.0,152.0,151.5,151.5,0.5,99.7,99.7,78,21.7,Balanced,PROJECT_MANAGEMENT_RESTRICTED_PERSONAL,True
2026-02,E030,Rayan Fischer,Applications,Senior Software Engineer,160.0,0.0,0.0,160.0,156.5,156.5,3.5,97.8,97.8,78,19.8,Balanced,PROJECT_MANAGEMENT_RESTRICTED_PERSONAL,True
2026-03,E030,Rayan Fischer,Applications,Senior Software Engineer,200.0,32.0,0.0,168.0,168.5,168.5,0.0,100.3,100.3,78,22.3,Balanced,PROJECT_MANAGEMENT_RESTRICTED_PERSONAL,True
2026-04,E030,Rayan Fischer,Applications,Senior Software Engineer,160.0,0.0,8.0,152.0,149.0,149.0,3.0,98.0,98.0,78,20.0,Balanced,PROJECT_MANAGEMENT_RESTRICTED_PERSONAL,True
2026-05,E030,Rayan Fischer,Applications,Senior Software Engineer,160.0,0.0,16.0,144.0,140.0,140.0,4.5,97.2,97.2,78,19.2,Balanced,PROJECT_MANAGEMENT_RESTRICTED_PERSONAL,True
2026-06,E030,Rayan Fischer,Applications,Senior Software Engineer,200.0,8.0,8.0,184.0,181.0,181.0,3.0,98.4,98.4,78,20.4,Balanced,PROJECT_MANAGEMENT_RESTRICTED_PERSONAL,True
2026-07,E030,Rayan Fischer,Applications,Senior Software Engineer,160.0,0.0,0.0,160.0,157.0,157.0,2.5,98.1,98.1,78,20.1,Balanced,PROJECT_MANAGEMENT_RESTRICTED_PERSONAL,True
2026-08,E030,Rayan Fischer,Applications,Senior Software Engineer,200.0,48.0,8.0,144.0,141.0,141.0,3.0,97.9,97.9,78,19.9,Balanced,PROJECT_MANAGEMENT_RESTRICTED_PERSONAL,True
2026-09,E030,Rayan Fischer,Applications,Senior Software Engineer,160.0,32.0,0.0,128.0,126.0,126.0,2.0,98.4,98.4,78,20.4,Balanced,PROJECT_MANAGEMENT_RESTRICTED_PERSONAL,True
2026-10,E030,Rayan Fischer,Applications,Senior Software Engineer,160.0,0.0,0.0,160.0,117.0,117.0,43.0,73.1,73.1,78,-4.9,Balanced,PROJECT_MANAGEMENT_RESTRICTED_PERSONAL,True
2026-11,E030,Rayan Fischer,Applications,Senior Software Engineer,200.0,0.0,8.0,192.0,130.5,130.5,61.5,68.0,68.0,78,-10.0,Balanced,PROJECT_MANAGEMENT_RESTRICTED_PERSONAL,True
2026-12,E030,Rayan Fischer,Applications,Senior Software Engineer,120.0,0.0,16.0,104.0,16.0,16.0,88.0,15.4,15.4,78,-62.6,Underutilized,PROJECT_MANAGEMENT_RESTRICTED_PERSONAL,True
2026-01,E031,Lucie Pereira,Applications,Software Engineer,160.0,16.0,8.0,136.0,109.0,109.0,27.0,80.1,80.1,78,2.1,Balanced,PROJECT_MANAGEMENT_RESTRICTED_PERSONAL,True
2026-02,E031,Lucie Pereira,Applications,Software Engineer,160.0,16.0,0.0,144.0,114.5,114.5,29.5,79.5,79.5,78,1.5,Balanced,PROJECT_MANAGEMENT_RESTRICTED_PERSONAL,True
2026-03,E031,Lucie Pereira,Applications,Software Engineer,200.0,24.0,0.0,176.0,173.5,173.5,3.0,98.6,98.6,78,20.6,Balanced,PROJECT_MANAGEMENT_RESTRICTED_PERSONAL,True
2026-04,E031,Lucie Pereira,Applications,Software Engineer,160.0,16.0,8.0,136.0,132.0,132.0,4.5,97.1,97.1,78,19.1,Balanced,PROJECT_MANAGEMENT_RESTRICTED_PERSONAL,True
2026-05,E031,Lucie Pereira,Applications,Software Engineer,160.0,0.0,16.0,144.0,143.5,143.5,0.5,99.7,99.7,78,21.7,Balanced,PROJECT_MANAGEMENT_RESTRICTED_PERSONAL,True
2026-06,E031,Lucie Pereira,Applications,Software Engineer,200.0,16.0,8.0,176.0,174.5,174.5,2.0,99.1,99.1,78,21.1,Balanced,PROJECT_MANAGEMENT_RESTRICTED_PERSONAL,True
2026-07,E031,Lucie Pereira,Applications,Software Engineer,160.0,24.0,0.0,136.0,131.5,131.5,4.5,96.7,96.7,78,18.7,Balanced,PROJECT_MANAGEMENT_RESTRICTED_PERSONAL,True
2026-08,E031,Lucie Pereira,Applications,Software Engineer,200.0,8.0,8.0,184.0,181.5,181.5,2.5,98.6,98.6,78,20.6,Balanced,PROJECT_MANAGEMENT_RESTRICTED_PERSONAL,True
2026-09,E031,Lucie Pereira,Applications,Software Engineer,160.0,0.0,0.0,160.0,158.0,158.0,2.0,98.8,98.8,78,20.8,Balanced,PROJECT_MANAGEMENT_RESTRICTED_PERSONAL,True
2026-10,E031,Lucie Pereira,Applications,Software Engineer,160.0,0.0,0.0,160.0,112.5,112.5,47.5,70.3,70.3,78,-7.7,Balanced,PROJECT_MANAGEMENT_RESTRICTED_PERSONAL,True
2026-11,E031,Lucie Pereira,Applications,Software Engineer,200.0,0.0,8.0,192.0,132.0,132.0,60.0,68.8,68.8,78,-9.2,Balanced,PROJECT_MANAGEMENT_RESTRICTED_PERSONAL,True
2026-12,E031,Lucie Pereira,Applications,Software Engineer,120.0,0.0,16.0,104.0,55.0,55.0,35.0,52.9,52.9,78,-25.1,Underutilized,PROJECT_MANAGEMENT_RESTRICTED_PERSONAL,True
2026-01,E032,Maxime Richard,Applications,QA Engineer,160.0,0.0,8.0,152.0,104.5,104.5,49.5,68.8,68.8,78,-9.2,Balanced,PROJECT_MANAGEMENT_RESTRICTED_PERSONAL,True
2026-02,E032,Maxime Richard,Applications,QA Engineer,160.0,16.0,0.0,144.0,102.0,102.0,48.0,70.8,70.8,78,-7.2,Balanced,PROJECT_MANAGEMENT_RESTRICTED_PERSONAL,True
2026-03,E032,Maxime Richard,Applications,QA Engineer,200.0,0.0,0.0,200.0,136.0,136.0,66.0,68.0,68.0,78,-10.0,Balanced,PROJECT_MANAGEMENT_RESTRICTED_PERSONAL,True
2026-04,E032,Maxime Richard,Applications,QA Engineer,160.0,0.0,8.0,152.0,104.5,104.5,47.5,68.8,68.8,78,-9.2,Balanced,PROJECT_MANAGEMENT_RESTRICTED_PERSONAL,True
2026-05,E032,Maxime Richard,Applications,QA Engineer,160.0,16.0,16.0,128.0,128.0,128.0,0.0,100.0,100.0,78,22.0,Balanced,PROJECT_MANAGEMENT_RESTRICTED_PERSONAL,True
2026-06,E032,Maxime Richard,Applications,QA Engineer,200.0,24.0,8.0,168.0,165.5,165.5,3.0,98.5,98.5,78,20.5,Balanced,PROJECT_MANAGEMENT_RESTRICTED_PERSONAL,True
2026-07,E032,Maxime Richard,Applications,QA Engineer,160.0,16.0,0.0,144.0,144.0,144.0,0.5,100.0,100.0,78,22.0,Balanced,PROJECT_MANAGEMENT_RESTRICTED_PERSONAL,True
2026-08,E032,Maxime Richard,Applications,QA Engineer,200.0,24.0,8.0,168.0,167.0,167.0,2.0,99.4,99.4,78,21.4,Balanced,PROJECT_MANAGEMENT_RESTRICTED_PERSONAL,True
2026-09,E032,Maxime Richard,Applications,QA Engineer,160.0,0.0,0.0,160.0,158.0,158.0,2.0,98.8,98.8,78,20.8,Balanced,PROJECT_MANAGEMENT_RESTRICTED_PERSONAL,True
2026-10,E032,Maxime Richard,Applications,QA Engineer,160.0,0.0,0.0,160.0,117.0,117.0,43.0,73.1,73.1,78,-4.9,Balanced,PROJECT_MANAGEMENT_RESTRICTED_PERSONAL,True
2026-11,E032,Maxime Richard,Applications,QA Engineer,200.0,16.0,8.0,176.0,119.5,119.5,56.5,67.9,67.9,78,-10.1,Balanced,PROJECT_MANAGEMENT_RESTRICTED_PERSONAL,True
2026-12,E032,Maxime Richard,Applications,QA Engineer,120.0,8.0,16.0,96.0,22.0,22.0,74.0,22.9,22.9,78,-55.1,Underutilized,PROJECT_MANAGEMENT_RESTRICTED_PERSONAL,True
2026-01,E033,Aya Bauer,Sales,Account Director,160.0,0.0,8.0,152.0,0.0,0.0,152.0,0.0,0.0,20,-20.0,Underutilized,PROJECT_MANAGEMENT_RESTRICTED_PERSONAL,True
2026-02,E033,Aya Bauer,Sales,Account Director,160.0,0.0,0.0,160.0,15.5,15.5,140.5,9.7,9.7,20,-10.3,Underutilized,PROJECT_MANAGEMENT_RESTRICTED_PERSONAL,True
2026-03,E033,Aya Bauer,Sales,Account Director,200.0,16.0,0.0,184.0,19.5,19.5,164.5,10.6,10.6,20,-9.4,Underutilized,PROJECT_MANAGEMENT_RESTRICTED_PERSONAL,True
2026-04,E033,Aya Bauer,Sales,Account Director,160.0,0.0,8.0,152.0,16.0,16.0,128.0,10.5,10.5,20,-9.5,Underutilized,PROJECT_MANAGEMENT_RESTRICTED_PERSONAL,True
2026-05,E033,Aya Bauer,Sales,Account Director,160.0,16.0,16.0,128.0,26.5,26.5,101.5,20.7,20.7,20,0.7,Balanced,PROJECT_MANAGEMENT_RESTRICTED_PERSONAL,True
2026-06,E033,Aya Bauer,Sales,Account Director,200.0,16.0,8.0,176.0,35.5,35.5,140.5,20.2,20.2,20,0.2,Balanced,PROJECT_MANAGEMENT_RESTRICTED_PERSONAL,True
2026-07,E033,Aya Bauer,Sales,Account Director,160.0,0.0,0.0,160.0,31.0,31.0,129.0,19.4,19.4,20,-0.6,Underutilized,PROJECT_MANAGEMENT_RESTRICTED_PERSONAL,True
2026-08,E033,Aya Bauer,Sales,Account Director,200.0,0.0,8.0,192.0,38.5,38.5,153.5,20.1,20.1,20,0.1,Balanced,PROJECT_MANAGEMENT_RESTRICTED_PERSONAL,True
2026-09,E033,Aya Bauer,Sales,Account Director,160.0,0.0,0.0,160.0,32.0,32.0,128.0,20.0,20.0,20,0.0,Balanced,PROJECT_MANAGEMENT_RESTRICTED_PERSONAL,True
2026-10,E033,Aya Bauer,Sales,Account Director,160.0,16.0,0.0,144.0,28.5,28.5,115.5,19.8,19.8,20,-0.2,Underutilized,PROJECT_MANAGEMENT_RESTRICTED_PERSONAL,True
2026-11,E033,Aya Bauer,Sales,Account Director,200.0,32.0,8.0,160.0,31.5,31.5,128.5,19.7,19.7,20,-0.3,Underutilized,PROJECT_MANAGEMENT_RESTRICTED_PERSONAL,True
2026-12,E033,Aya Bauer,Sales,Account Director,120.0,24.0,16.0,80.0,11.5,11.5,68.5,14.4,14.4,20,-5.6,Underutilized,PROJECT_MANAGEMENT_RESTRICTED_PERSONAL,True
2026-01,E034,Victor Renard,Sales,Account Manager,160.0,0.0,8.0,152.0,16.5,16.5,135.5,10.9,10.9,20,-9.1,Underutilized,PROJECT_MANAGEMENT_RESTRICTED_PERSONAL,True
2026-02,E034,Victor Renard,Sales,Account Manager,160.0,40.0,0.0,120.0,12.5,12.5,107.5,10.4,10.4,20,-9.6,Underutilized,PROJECT_MANAGEMENT_RESTRICTED_PERSONAL,True
2026-03,E034,Victor Renard,Sales,Account Manager,200.0,0.0,0.0,200.0,19.0,19.0,181.0,9.5,9.5,20,-10.5,Underutilized,PROJECT_MANAGEMENT_RESTRICTED_PERSONAL,True
2026-04,E034,Victor Renard,Sales,Account Manager,160.0,0.0,8.0,152.0,29.5,29.5,122.5,19.4,19.4,20,-0.6,Underutilized,PROJECT_MANAGEMENT_RESTRICTED_PERSONAL,True
2026-05,E034,Victor Renard,Sales,Account Manager,160.0,0.0,16.0,144.0,29.5,29.5,114.5,20.5,20.5,20,0.5,Balanced,PROJECT_MANAGEMENT_RESTRICTED_PERSONAL,True
2026-06,E034,Victor Renard,Sales,Account Manager,200.0,24.0,8.0,168.0,34.5,34.5,133.5,20.5,20.5,20,0.5,Balanced,PROJECT_MANAGEMENT_RESTRICTED_PERSONAL,True
2026-07,E034,Victor Renard,Sales,Account Manager,160.0,0.0,0.0,160.0,32.0,32.0,128.0,20.0,20.0,20,0.0,Balanced,PROJECT_MANAGEMENT_RESTRICTED_PERSONAL,True
2026-08,E034,Victor Renard,Sales,Account Manager,200.0,16.0,8.0,176.0,35.5,35.5,140.5,20.2,20.2,20,0.2,Balanced,PROJECT_MANAGEMENT_RESTRICTED_PERSONAL,True
2026-09,E034,Victor Renard,Sales,Account Manager,160.0,16.0,0.0,144.0,28.0,28.0,116.0,19.4,19.4,20,-0.6,Underutilized,PROJECT_MANAGEMENT_RESTRICTED_PERSONAL,True
2026-10,E034,Victor Renard,Sales,Account Manager,160.0,0.0,0.0,160.0,33.0,33.0,127.0,20.6,20.6,20,0.6,Balanced,PROJECT_MANAGEMENT_RESTRICTED_PERSONAL,True
2026-11,E034,Victor Renard,Sales,Account Manager,200.0,8.0,8.0,184.0,36.5,36.5,147.5,19.8,19.8,20,-0.2,Underutilized,PROJECT_MANAGEMENT_RESTRICTED_PERSONAL,True
2026-12,E034,Victor Renard,Sales,Account Manager,120.0,16.0,16.0,88.0,13.0,13.0,75.0,14.8,14.8,20,-5.2,Underutilized,PROJECT_MANAGEMENT_RESTRICTED_PERSONAL,True
2026-01,E035,Alice Meier,HR,HR Business Partner,160.0,24.0,8.0,128.0,0.0,0.0,128.0,0.0,0.0,10,-10.0,Underutilized,PROJECT_MANAGEMENT_RESTRICTED_PERSONAL,True
2026-02,E035,Alice Meier,HR,HR Business Partner,160.0,16.0,0.0,144.0,0.0,0.0,144.0,0.0,0.0,10,-10.0,Underutilized,PROJECT_MANAGEMENT_RESTRICTED_PERSONAL,True
2026-03,E035,Alice Meier,HR,HR Business Partner,200.0,0.0,0.0,200.0,0.0,0.0,200.0,0.0,0.0,10,-10.0,Underutilized,PROJECT_MANAGEMENT_RESTRICTED_PERSONAL,True
2026-04,E035,Alice Meier,HR,HR Business Partner,160.0,0.0,8.0,152.0,0.0,0.0,152.0,0.0,0.0,10,-10.0,Underutilized,PROJECT_MANAGEMENT_RESTRICTED_PERSONAL,True
2026-05,E035,Alice Meier,HR,HR Business Partner,160.0,0.0,16.0,144.0,0.0,0.0,144.0,0.0,0.0,10,-10.0,Underutilized,PROJECT_MANAGEMENT_RESTRICTED_PERSONAL,True
2026-06,E035,Alice Meier,HR,HR Business Partner,200.0,0.0,8.0,192.0,0.0,0.0,192.0,0.0,0.0,10,-10.0,Underutilized,PROJECT_MANAGEMENT_RESTRICTED_PERSONAL,True
2026-07,E035,Alice Meier,HR,HR Business Partner,160.0,0.0,0.0,160.0,0.0,0.0,160.0,0.0,0.0,10,-10.0,Underutilized,PROJECT_MANAGEMENT_RESTRICTED_PERSONAL,True
2026-08,E035,Alice Meier,HR,HR Business Partner,200.0,0.0,8.0,192.0,0.0,0.0,192.0,0.0,0.0,10,-10.0,Underutilized,PROJECT_MANAGEMENT_RESTRICTED_PERSONAL,True
2026-09,E035,Alice Meier,HR,HR Business Partner,160.0,0.0,0.0,160.0,0.0,0.0,160.0,0.0,0.0,10,-10.0,Underutilized,PROJECT_MANAGEMENT_RESTRICTED_PERSONAL,True
2026-10,E035,Alice Meier,HR,HR Business Partner,160.0,32.0,0.0,128.0,0.0,0.0,128.0,0.0,0.0,10,-10.0,Underutilized,PROJECT_MANAGEMENT_RESTRICTED_PERSONAL,True
2026-11,E035,Alice Meier,HR,HR Business Partner,200.0,32.0,8.0,160.0,0.0,0.0,160.0,0.0,0.0,10,-10.0,Underutilized,PROJECT_MANAGEMENT_RESTRICTED_PERSONAL,True
2026-12,E035,Alice Meier,HR,HR Business Partner,120.0,16.0,16.0,88.0,0.0,0.0,88.0,0.0,0.0,10,-10.0,Underutilized,PROJECT_MANAGEMENT_RESTRICTED_PERSONAL,True
2026-01,E036,Nathan Cohen,HR,Talent Acquisition Specialist,160.0,0.0,8.0,152.0,0.0,0.0,152.0,0.0,0.0,10,-10.0,Underutilized,PROJECT_MANAGEMENT_RESTRICTED_PERSONAL,True
2026-02,E036,Nathan Cohen,HR,Talent Acquisition Specialist,160.0,24.0,0.0,136.0,0.0,0.0,136.0,0.0,0.0,10,-10.0,Underutilized,PROJECT_MANAGEMENT_RESTRICTED_PERSONAL,True
2026-03,E036,Nathan Cohen,HR,Talent Acquisition Specialist,200.0,16.0,0.0,184.0,0.0,0.0,184.0,0.0,0.0,10,-10.0,Underutilized,PROJECT_MANAGEMENT_RESTRICTED_PERSONAL,True
2026-04,E036,Nathan Cohen,HR,Talent Acquisition Specialist,160.0,0.0,8.0,152.0,0.0,0.0,152.0,0.0,0.0,10,-10.0,Underutilized,PROJECT_MANAGEMENT_RESTRICTED_PERSONAL,True
2026-05,E036,Nathan Cohen,HR,Talent Acquisition Specialist,160.0,0.0,16.0,144.0,0.0,0.0,144.0,0.0,0.0,10,-10.0,Underutilized,PROJECT_MANAGEMENT_RESTRICTED_PERSONAL,True
2026-06,E036,Nathan Cohen,HR,Talent Acquisition Specialist,200.0,40.0,8.0,152.0,0.0,0.0,152.0,0.0,0.0,10,-10.0,Underutilized,PROJECT_MANAGEMENT_RESTRICTED_PERSONAL,True
2026-07,E036,Nathan Cohen,HR,Talent Acquisition Specialist,160.0,0.0,0.0,160.0,0.0,0.0,156.0,0.0,0.0,10,-10.0,Underutilized,PROJECT_MANAGEMENT_RESTRICTED_PERSONAL,True
2026-08,E036,Nathan Cohen,HR,Talent Acquisition Specialist,200.0,0.0,8.0,192.0,0.0,0.0,192.0,0.0,0.0,10,-10.0,Underutilized,PROJECT_MANAGEMENT_RESTRICTED_PERSONAL,True
2026-09,E036,Nathan Cohen,HR,Talent Acquisition Specialist,160.0,24.0,0.0,136.0,0.0,0.0,136.0,0.0,0.0,10,-10.0,Underutilized,PROJECT_MANAGEMENT_RESTRICTED_PERSONAL,True
2026-10,E036,Nathan Cohen,HR,Talent Acquisition Specialist,160.0,16.0,0.0,144.0,0.0,0.0,144.0,0.0,0.0,10,-10.0,Underutilized,PROJECT_MANAGEMENT_RESTRICTED_PERSONAL,True
2026-11,E036,Nathan Cohen,HR,Talent Acquisition Specialist,200.0,0.0,8.0,192.0,0.0,0.0,192.0,0.0,0.0,10,-10.0,Underutilized,PROJECT_MANAGEMENT_RESTRICTED_PERSONAL,True
2026-12,E036,Nathan Cohen,HR,Talent Acquisition Specialist,120.0,0.0,16.0,104.0,0.0,0.0,98.0,0.0,0.0,10,-10.0,Underutilized,PROJECT_MANAGEMENT_RESTRICTED_PERSONAL,True
2026-01,E037,Lina Gomes,Operations,Office & Operations Manager,160.0,0.0,8.0,152.0,0.0,0.0,152.0,0.0,0.0,10,-10.0,Underutilized,PROJECT_MANAGEMENT_RESTRICTED_PERSONAL,True
2026-02,E037,Lina Gomes,Operations,Office & Operations Manager,160.0,0.0,0.0,160.0,0.0,0.0,160.0,0.0,0.0,10,-10.0,Underutilized,PROJECT_MANAGEMENT_RESTRICTED_PERSONAL,True
2026-03,E037,Lina Gomes,Operations,Office & Operations Manager,200.0,0.0,0.0,200.0,0.0,0.0,200.0,0.0,0.0,10,-10.0,Underutilized,PROJECT_MANAGEMENT_RESTRICTED_PERSONAL,True
2026-04,E037,Lina Gomes,Operations,Office & Operations Manager,160.0,32.0,8.0,120.0,0.0,0.0,120.0,0.0,0.0,10,-10.0,Underutilized,PROJECT_MANAGEMENT_RESTRICTED_PERSONAL,True
2026-05,E037,Lina Gomes,Operations,Office & Operations Manager,160.0,0.0,16.0,144.0,0.0,0.0,144.0,0.0,0.0,10,-10.0,Underutilized,PROJECT_MANAGEMENT_RESTRICTED_PERSONAL,True
2026-06,E037,Lina Gomes,Operations,Office & Operations Manager,200.0,32.0,8.0,160.0,0.0,0.0,160.0,0.0,0.0,10,-10.0,Underutilized,PROJECT_MANAGEMENT_RESTRICTED_PERSONAL,True
2026-07,E037,Lina Gomes,Operations,Office & Operations Manager,160.0,16.0,0.0,144.0,0.0,0.0,144.0,0.0,0.0,10,-10.0,Underutilized,PROJECT_MANAGEMENT_RESTRICTED_PERSONAL,True
2026-08,E037,Lina Gomes,Operations,Office & Operations Manager,200.0,0.0,8.0,192.0,0.0,0.0,184.0,0.0,0.0,10,-10.0,Underutilized,PROJECT_MANAGEMENT_RESTRICTED_PERSONAL,True
2026-09,E037,Lina Gomes,Operations,Office & Operations Manager,160.0,16.0,0.0,144.0,0.0,0.0,136.0,0.0,0.0,10,-10.0,Underutilized,PROJECT_MANAGEMENT_RESTRICTED_PERSONAL,True
2026-10,E037,Lina Gomes,Operations,Office & Operations Manager,160.0,0.0,0.0,160.0,0.0,0.0,160.0,0.0,0.0,10,-10.0,Underutilized,PROJECT_MANAGEMENT_RESTRICTED_PERSONAL,True
2026-11,E037,Lina Gomes,Operations,Office & Operations Manager,200.0,24.0,8.0,168.0,0.0,0.0,168.0,0.0,0.0,10,-10.0,Underutilized,PROJECT_MANAGEMENT_RESTRICTED_PERSONAL,True
2026-12,E037,Lina Gomes,Operations,Office & Operations Manager,120.0,0.0,16.0,104.0,0.0,0.0,104.0,0.0,0.0,10,-10.0,Underutilized,PROJECT_MANAGEMENT_RESTRICTED_PERSONAL,True
2026-01,E038,Paul Lemoine,Data & AI,Principal Data & AI Architect,160.0,16.0,8.0,136.0,79.5,79.5,56.5,58.5,58.5,78,-19.5,Balanced,PROJECT_MANAGEMENT_RESTRICTED_PERSONAL,True
2026-02,E038,Paul Lemoine,Data & AI,Principal Data & AI Architect,160.0,0.0,0.0,160.0,99.0,99.0,61.0,61.9,61.9,78,-16.1,Balanced,PROJECT_MANAGEMENT_RESTRICTED_PERSONAL,True
2026-03,E038,Paul Lemoine,Data & AI,Principal Data & AI Architect,200.0,0.0,0.0,200.0,137.0,137.0,63.0,68.5,68.5,78,-9.5,Balanced,PROJECT_MANAGEMENT_RESTRICTED_PERSONAL,True
2026-04,E038,Paul Lemoine,Data & AI,Principal Data & AI Architect,160.0,8.0,8.0,144.0,143.5,143.5,0.5,99.7,99.7,78,21.7,Balanced,PROJECT_MANAGEMENT_RESTRICTED_PERSONAL,True
2026-05,E038,Paul Lemoine,Data & AI,Principal Data & AI Architect,160.0,0.0,16.0,144.0,143.5,143.5,1.0,99.7,99.7,78,21.7,Balanced,PROJECT_MANAGEMENT_RESTRICTED_PERSONAL,True
2026-06,E038,Paul Lemoine,Data & AI,Principal Data & AI Architect,200.0,16.0,8.0,176.0,172.0,172.0,4.0,97.7,97.7,78,19.7,Balanced,PROJECT_MANAGEMENT_RESTRICTED_PERSONAL,True
2026-07,E038,Paul Lemoine,Data & AI,Principal Data & AI Architect,160.0,16.0,0.0,144.0,142.5,142.5,1.5,99.0,99.0,78,21.0,Balanced,PROJECT_MANAGEMENT_RESTRICTED_PERSONAL,True
2026-08,E038,Paul Lemoine,Data & AI,Principal Data & AI Architect,200.0,40.0,8.0,152.0,148.5,148.5,3.5,97.7,97.7,78,19.7,Balanced,PROJECT_MANAGEMENT_RESTRICTED_PERSONAL,True
2026-09,E038,Paul Lemoine,Data & AI,Principal Data & AI Architect,160.0,0.0,0.0,160.0,158.0,158.0,2.0,98.8,98.8,78,20.8,Balanced,PROJECT_MANAGEMENT_RESTRICTED_PERSONAL,True
2026-10,E038,Paul Lemoine,Data & AI,Principal Data & AI Architect,160.0,0.0,0.0,160.0,156.5,156.5,9.5,97.8,97.8,78,19.8,Balanced,PROJECT_MANAGEMENT_RESTRICTED_PERSONAL,True
2026-11,E038,Paul Lemoine,Data & AI,Principal Data & AI Architect,200.0,24.0,8.0,168.0,163.5,163.5,6.5,97.3,97.3,78,19.3,Balanced,PROJECT_MANAGEMENT_RESTRICTED_PERSONAL,True
2026-12,E038,Paul Lemoine,Data & AI,Principal Data & AI Architect,120.0,0.0,16.0,104.0,31.5,31.5,72.5,30.3,30.3,78,-47.7,Underutilized,PROJECT_MANAGEMENT_RESTRICTED_PERSONAL,True
2026-01,E039,Jade Santos,Data & AI,Senior Data Architect,160.0,0.0,8.0,152.0,106.0,106.0,46.0,69.7,69.7,78,-8.3,Balanced,PROJECT_MANAGEMENT_RESTRICTED_PERSONAL,True
2026-02,E039,Jade Santos,Data & AI,Senior Data Architect,160.0,0.0,0.0,160.0,118.5,118.5,41.5,74.1,74.1,78,-3.9,Balanced,PROJECT_MANAGEMENT_RESTRICTED_PERSONAL,True
2026-03,E039,Jade Santos,Data & AI,Senior Data Architect,200.0,8.0,0.0,192.0,136.5,136.5,55.5,71.1,71.1,78,-6.9,Balanced,PROJECT_MANAGEMENT_RESTRICTED_PERSONAL,True
2026-04,E039,Jade Santos,Data & AI,Senior Data Architect,160.0,16.0,8.0,136.0,134.0,134.0,2.0,98.5,98.5,78,20.5,Balanced,PROJECT_MANAGEMENT_RESTRICTED_PERSONAL,True
2026-05,E039,Jade Santos,Data & AI,Senior Data Architect,160.0,0.0,16.0,144.0,142.0,142.0,2.0,98.6,98.6,78,20.6,Balanced,PROJECT_MANAGEMENT_RESTRICTED_PERSONAL,True
2026-06,E039,Jade Santos,Data & AI,Senior Data Architect,200.0,64.0,8.0,128.0,128.0,128.0,6.0,100.0,100.0,78,22.0,Balanced,PROJECT_MANAGEMENT_RESTRICTED_PERSONAL,True
2026-07,E039,Jade Santos,Data & AI,Senior Data Architect,160.0,0.0,0.0,160.0,159.0,159.0,1.0,99.4,99.4,78,21.4,Balanced,PROJECT_MANAGEMENT_RESTRICTED_PERSONAL,True
2026-08,E039,Jade Santos,Data & AI,Senior Data Architect,200.0,0.0,8.0,192.0,189.5,189.5,2.5,98.7,98.7,78,20.7,Balanced,PROJECT_MANAGEMENT_RESTRICTED_PERSONAL,True
2026-09,E039,Jade Santos,Data & AI,Senior Data Architect,160.0,0.0,0.0,160.0,155.0,155.0,5.0,96.9,96.9,78,18.9,Balanced,PROJECT_MANAGEMENT_RESTRICTED_PERSONAL,True
2026-10,E039,Jade Santos,Data & AI,Senior Data Architect,160.0,0.0,0.0,160.0,155.5,155.5,4.5,97.2,97.2,78,19.2,Balanced,PROJECT_MANAGEMENT_RESTRICTED_PERSONAL,True
2026-11,E039,Jade Santos,Data & AI,Senior Data Architect,200.0,16.0,8.0,176.0,172.5,172.5,3.5,98.0,98.0,78,20.0,Balanced,PROJECT_MANAGEMENT_RESTRICTED_PERSONAL,True
2026-12,E039,Jade Santos,Data & AI,Senior Data Architect,120.0,16.0,16.0,88.0,19.5,19.5,68.5,22.2,22.2,78,-55.8,Underutilized,PROJECT_MANAGEMENT_RESTRICTED_PERSONAL,True
2026-01,E040,Adam Klein,Data & AI,Senior AI Engineer,160.0,0.0,8.0,152.0,0.0,0.0,152.0,0.0,0.0,78,-78.0,Underutilized,PROJECT_MANAGEMENT_RESTRICTED_PERSONAL,True
2026-02,E040,Adam Klein,Data & AI,Senior AI Engineer,160.0,16.0,0.0,144.0,0.0,0.0,144.0,0.0,0.0,78,-78.0,Underutilized,PROJECT_MANAGEMENT_RESTRICTED_PERSONAL,True
2026-03,E040,Adam Klein,Data & AI,Senior AI Engineer,200.0,24.0,0.0,176.0,0.0,0.0,178.0,0.0,0.0,78,-78.0,Underutilized,PROJECT_MANAGEMENT_RESTRICTED_PERSONAL,True
2026-04,E040,Adam Klein,Data & AI,Senior AI Engineer,160.0,24.0,8.0,128.0,62.0,62.0,58.0,48.4,48.4,78,-29.6,Underutilized,PROJECT_MANAGEMENT_RESTRICTED_PERSONAL,True
2026-05,E040,Adam Klein,Data & AI,Senior AI Engineer,160.0,0.0,16.0,144.0,144.0,144.0,0.0,100.0,100.0,78,22.0,Balanced,PROJECT_MANAGEMENT_RESTRICTED_PERSONAL,True
2026-06,E040,Adam Klein,Data & AI,Senior AI Engineer,200.0,16.0,8.0,176.0,176.0,176.0,2.0,100.0,100.0,78,22.0,Balanced,PROJECT_MANAGEMENT_RESTRICTED_PERSONAL,True
2026-07,E040,Adam Klein,Data & AI,Senior AI Engineer,160.0,16.0,0.0,144.0,144.0,144.0,0.0,100.0,100.0,78,22.0,Balanced,PROJECT_MANAGEMENT_RESTRICTED_PERSONAL,True
2026-08,E040,Adam Klein,Data & AI,Senior AI Engineer,200.0,8.0,8.0,184.0,177.5,177.5,6.5,96.5,96.5,78,18.5,Balanced,PROJECT_MANAGEMENT_RESTRICTED_PERSONAL,True
2026-09,E040,Adam Klein,Data & AI,Senior AI Engineer,160.0,0.0,0.0,160.0,156.0,156.0,4.0,97.5,97.5,78,19.5,Balanced,PROJECT_MANAGEMENT_RESTRICTED_PERSONAL,True
2026-10,E040,Adam Klein,Data & AI,Senior AI Engineer,160.0,16.0,0.0,144.0,140.5,140.5,7.5,97.6,97.6,78,19.6,Balanced,PROJECT_MANAGEMENT_RESTRICTED_PERSONAL,True
2026-11,E040,Adam Klein,Data & AI,Senior AI Engineer,200.0,0.0,8.0,192.0,187.0,187.0,9.0,97.4,97.4,78,19.4,Balanced,PROJECT_MANAGEMENT_RESTRICTED_PERSONAL,True
2026-12,E040,Adam Klein,Data & AI,Senior AI Engineer,120.0,0.0,16.0,104.0,80.0,80.0,24.0,76.9,76.9,78,-1.1,Balanced,PROJECT_MANAGEMENT_RESTRICTED_PERSONAL,True
2026-01,E041,Zoé Marques,Data & AI,Data Engineer,160.0,0.0,8.0,152.0,72.0,72.0,80.0,47.4,47.4,78,-30.6,Underutilized,PROJECT_MANAGEMENT_RESTRICTED_PERSONAL,True
2026-02,E041,Zoé Marques,Data & AI,Data Engineer,160.0,32.0,0.0,128.0,64.5,64.5,63.5,50.4,50.4,78,-27.6,Underutilized,PROJECT_MANAGEMENT_RESTRICTED_PERSONAL,True
2026-03,E041,Zoé Marques,Data & AI,Data Engineer,200.0,0.0,0.0,200.0,164.0,164.0,36.0,82.0,82.0,78,4.0,Balanced,PROJECT_MANAGEMENT_RESTRICTED_PERSONAL,True
2026-04,E041,Zoé Marques,Data & AI,Data Engineer,160.0,24.0,8.0,128.0,125.5,125.5,2.5,98.0,98.0,78,20.0,Balanced,PROJECT_MANAGEMENT_RESTRICTED_PERSONAL,True
2026-05,E041,Zoé Marques,Data & AI,Data Engineer,160.0,16.0,16.0,128.0,125.0,125.0,3.0,97.7,97.7,78,19.7,Balanced,PROJECT_MANAGEMENT_RESTRICTED_PERSONAL,True
2026-06,E041,Zoé Marques,Data & AI,Data Engineer,200.0,0.0,8.0,192.0,191.5,191.5,1.0,99.7,99.7,78,21.7,Balanced,PROJECT_MANAGEMENT_RESTRICTED_PERSONAL,True
2026-07,E041,Zoé Marques,Data & AI,Data Engineer,160.0,16.0,0.0,144.0,142.0,142.0,2.0,98.6,98.6,78,20.6,Balanced,PROJECT_MANAGEMENT_RESTRICTED_PERSONAL,True
2026-08,E041,Zoé Marques,Data & AI,Data Engineer,200.0,0.0,8.0,192.0,189.5,189.5,2.5,98.7,98.7,78,20.7,Balanced,PROJECT_MANAGEMENT_RESTRICTED_PERSONAL,True
2026-09,E041,Zoé Marques,Data & AI,Data Engineer,160.0,0.0,0.0,160.0,154.0,154.0,6.0,96.2,96.2,78,18.2,Balanced,PROJECT_MANAGEMENT_RESTRICTED_PERSONAL,True
2026-10,E041,Zoé Marques,Data & AI,Data Engineer,160.0,24.0,0.0,136.0,133.5,133.5,2.5,98.2,98.2,78,20.2,Balanced,PROJECT_MANAGEMENT_RESTRICTED_PERSONAL,True
2026-11,E041,Zoé Marques,Data & AI,Data Engineer,200.0,0.0,8.0,192.0,186.5,186.5,5.5,97.1,97.1,78,19.1,Balanced,PROJECT_MANAGEMENT_RESTRICTED_PERSONAL,True
2026-12,E041,Zoé Marques,Data & AI,Data Engineer,120.0,8.0,16.0,96.0,36.5,36.5,53.5,38.0,38.0,78,-40.0,Underutilized,PROJECT_MANAGEMENT_RESTRICTED_PERSONAL,True
2026-01,E042,Samuel Jung,Data & AI,ML Engineer,160.0,0.0,8.0,152.0,0.0,0.0,152.0,0.0,0.0,78,-78.0,Underutilized,PROJECT_MANAGEMENT_RESTRICTED_PERSONAL,True
2026-02,E042,Samuel Jung,Data & AI,ML Engineer,160.0,0.0,0.0,160.0,0.0,0.0,160.0,0.0,0.0,78,-78.0,Underutilized,PROJECT_MANAGEMENT_RESTRICTED_PERSONAL,True
2026-03,E042,Samuel Jung,Data & AI,ML Engineer,200.0,16.0,0.0,184.0,93.5,93.5,90.5,50.8,50.8,78,-27.2,Underutilized,PROJECT_MANAGEMENT_RESTRICTED_PERSONAL,True
2026-04,E042,Samuel Jung,Data & AI,ML Engineer,160.0,0.0,8.0,152.0,73.0,73.0,79.0,48.0,48.0,78,-30.0,Underutilized,PROJECT_MANAGEMENT_RESTRICTED_PERSONAL,True
2026-05,E042,Samuel Jung,Data & AI,ML Engineer,160.0,24.0,16.0,120.0,117.0,117.0,3.0,97.5,97.5,78,19.5,Balanced,PROJECT_MANAGEMENT_RESTRICTED_PERSONAL,True
2026-06,E042,Samuel Jung,Data & AI,ML Engineer,200.0,32.0,8.0,160.0,157.5,157.5,1.5,98.4,98.4,78,20.4,Balanced,PROJECT_MANAGEMENT_RESTRICTED_PERSONAL,True
2026-07,E042,Samuel Jung,Data & AI,ML Engineer,160.0,24.0,0.0,136.0,132.5,132.5,3.5,97.4,97.4,78,19.4,Balanced,PROJECT_MANAGEMENT_RESTRICTED_PERSONAL,True
2026-08,E042,Samuel Jung,Data & AI,ML Engineer,200.0,0.0,8.0,192.0,190.0,190.0,2.0,99.0,99.0,78,21.0,Balanced,PROJECT_MANAGEMENT_RESTRICTED_PERSONAL,True
2026-09,E042,Samuel Jung,Data & AI,ML Engineer,160.0,8.0,0.0,152.0,149.5,149.5,2.5,98.4,98.4,78,20.4,Balanced,PROJECT_MANAGEMENT_RESTRICTED_PERSONAL,True
2026-10,E042,Samuel Jung,Data & AI,ML Engineer,160.0,0.0,0.0,160.0,156.5,156.5,3.5,97.8,97.8,78,19.8,Balanced,PROJECT_MANAGEMENT_RESTRICTED_PERSONAL,True
2026-11,E042,Samuel Jung,Data & AI,ML Engineer,200.0,0.0,8.0,192.0,190.0,190.0,2.0,99.0,99.0,78,21.0,Balanced,PROJECT_MANAGEMENT_RESTRICTED_PERSONAL,True
2026-12,E042,Samuel Jung,Data & AI,ML Engineer,120.0,16.0,16.0,88.0,64.0,64.0,24.0,72.7,72.7,78,-5.3,Balanced,PROJECT_MANAGEMENT_RESTRICTED_PERSONAL,True
2026-01,E043,Manon Franco,Data & AI,Data Scientist,160.0,0.0,8.0,152.0,0.0,0.0,152.0,0.0,0.0,78,-78.0,Underutilized,PROJECT_MANAGEMENT_RESTRICTED_PERSONAL,True
2026-02,E043,Manon Franco,Data & AI,Data Scientist,160.0,0.0,0.0,160.0,0.0,0.0,158.0,0.0,0.0,78,-78.0,Underutilized,PROJECT_MANAGEMENT_RESTRICTED_PERSONAL,True
2026-03,E043,Manon Franco,Data & AI,Data Scientist,200.0,0.0,0.0,200.0,119.5,119.5,80.5,59.8,59.8,78,-18.2,Balanced,PROJECT_MANAGEMENT_RESTRICTED_PERSONAL,True
2026-04,E043,Manon Franco,Data & AI,Data Scientist,160.0,0.0,8.0,152.0,120.5,120.5,31.5,79.3,79.3,78,1.3,Balanced,PROJECT_MANAGEMENT_RESTRICTED_PERSONAL,True
2026-05,E043,Manon Franco,Data & AI,Data Scientist,160.0,0.0,16.0,144.0,141.0,141.0,3.0,97.9,97.9,78,19.9,Balanced,PROJECT_MANAGEMENT_RESTRICTED_PERSONAL,True
2026-06,E043,Manon Franco,Data & AI,Data Scientist,200.0,48.0,8.0,144.0,144.5,144.5,0.0,100.3,100.3,78,22.3,Balanced,PROJECT_MANAGEMENT_RESTRICTED_PERSONAL,True
2026-07,E043,Manon Franco,Data & AI,Data Scientist,160.0,16.0,0.0,144.0,143.0,143.0,1.5,99.3,99.3,78,21.3,Balanced,PROJECT_MANAGEMENT_RESTRICTED_PERSONAL,True
2026-08,E043,Manon Franco,Data & AI,Data Scientist,200.0,0.0,8.0,192.0,189.0,189.0,4.0,98.4,98.4,78,20.4,Balanced,PROJECT_MANAGEMENT_RESTRICTED_PERSONAL,True
2026-09,E043,Manon Franco,Data & AI,Data Scientist,160.0,40.0,0.0,120.0,120.5,120.5,0.5,100.4,100.4,78,22.4,Balanced,PROJECT_MANAGEMENT_RESTRICTED_PERSONAL,True
2026-10,E043,Manon Franco,Data & AI,Data Scientist,160.0,0.0,0.0,160.0,158.5,158.5,1.5,99.1,99.1,78,21.1,Balanced,PROJECT_MANAGEMENT_RESTRICTED_PERSONAL,True
2026-11,E043,Manon Franco,Data & AI,Data Scientist,200.0,16.0,8.0,176.0,171.0,171.0,5.0,97.2,97.2,78,19.2,Balanced,PROJECT_MANAGEMENT_RESTRICTED_PERSONAL,True
2026-12,E043,Manon Franco,Data & AI,Data Scientist,120.0,0.0,16.0,104.0,79.5,79.5,25.0,76.4,76.4,78,-1.6,Balanced,PROJECT_MANAGEMENT_RESTRICTED_PERSONAL,True
2026-01,E044,Yanis Vidal,Cloud & Platform,Cloud Architect,160.0,0.0,8.0,152.0,107.5,107.5,44.5,70.7,70.7,78,-7.3,Balanced,PROJECT_MANAGEMENT_RESTRICTED_PERSONAL,True
2026-02,E044,Yanis Vidal,Cloud & Platform,Cloud Architect,160.0,16.0,0.0,144.0,113.5,113.5,22.5,78.8,78.8,78,0.8,Balanced,PROJECT_MANAGEMENT_RESTRICTED_PERSONAL,True
2026-03,E044,Yanis Vidal,Cloud & Platform,Cloud Architect,200.0,16.0,0.0,184.0,183.5,183.5,1.0,99.7,99.7,78,21.7,Balanced,PROJECT_MANAGEMENT_RESTRICTED_PERSONAL,True
2026-04,E044,Yanis Vidal,Cloud & Platform,Cloud Architect,160.0,0.0,8.0,152.0,151.0,151.0,3.0,99.3,99.3,78,21.3,Balanced,PROJECT_MANAGEMENT_RESTRICTED_PERSONAL,True
2026-05,E044,Yanis Vidal,Cloud & Platform,Cloud Architect,160.0,0.0,16.0,144.0,143.5,143.5,0.5,99.7,99.7,78,21.7,Balanced,PROJECT_MANAGEMENT_RESTRICTED_PERSONAL,True
2026-06,E044,Yanis Vidal,Cloud & Platform,Cloud Architect,200.0,48.0,8.0,144.0,143.0,143.0,1.0,99.3,99.3,78,21.3,Balanced,PROJECT_MANAGEMENT_RESTRICTED_PERSONAL,True
2026-07,E044,Yanis Vidal,Cloud & Platform,Cloud Architect,160.0,16.0,0.0,144.0,142.0,142.0,2.0,98.6,98.6,78,20.6,Balanced,PROJECT_MANAGEMENT_RESTRICTED_PERSONAL,True
2026-08,E044,Yanis Vidal,Cloud & Platform,Cloud Architect,200.0,16.0,8.0,176.0,174.0,174.0,6.5,98.9,98.9,78,20.9,Balanced,PROJECT_MANAGEMENT_RESTRICTED_PERSONAL,True
2026-09,E044,Yanis Vidal,Cloud & Platform,Cloud Architect,160.0,0.0,0.0,160.0,113.5,113.5,46.5,70.9,70.9,78,-7.1,Balanced,PROJECT_MANAGEMENT_RESTRICTED_PERSONAL,True
2026-10,E044,Yanis Vidal,Cloud & Platform,Cloud Architect,160.0,0.0,0.0,160.0,110.5,110.5,49.5,69.1,69.1,78,-8.9,Balanced,PROJECT_MANAGEMENT_RESTRICTED_PERSONAL,True
2026-11,E044,Yanis Vidal,Cloud & Platform,Cloud Architect,200.0,8.0,8.0,184.0,125.5,125.5,58.5,68.2,68.2,78,-9.8,Balanced,PROJECT_MANAGEMENT_RESTRICTED_PERSONAL,True
2026-12,E044,Yanis Vidal,Cloud & Platform,Cloud Architect,120.0,0.0,16.0,104.0,56.5,56.5,47.5,54.3,54.3,78,-23.7,Underutilized,PROJECT_MANAGEMENT_RESTRICTED_PERSONAL,True
2026-01,E045,Louise Carvalho,Cloud & Platform,DevOps Engineer,160.0,0.0,8.0,152.0,91.5,91.5,60.5,60.2,60.2,78,-17.8,Balanced,PROJECT_MANAGEMENT_RESTRICTED_PERSONAL,True
2026-02,E045,Louise Carvalho,Cloud & Platform,DevOps Engineer,160.0,0.0,0.0,160.0,154.5,154.5,5.5,96.6,96.6,78,18.6,Balanced,PROJECT_MANAGEMENT_RESTRICTED_PERSONAL,True
2026-03,E045,Louise Carvalho,Cloud & Platform,DevOps Engineer,200.0,32.0,0.0,168.0,165.0,165.0,3.0,98.2,98.2,78,20.2,Balanced,PROJECT_MANAGEMENT_RESTRICTED_PERSONAL,True
2026-04,E045,Louise Carvalho,Cloud & Platform,DevOps Engineer,160.0,16.0,8.0,136.0,135.0,135.0,1.0,99.3,99.3,78,21.3,Balanced,PROJECT_MANAGEMENT_RESTRICTED_PERSONAL,True
2026-05,E045,Louise Carvalho,Cloud & Platform,DevOps Engineer,160.0,16.0,16.0,128.0,127.5,127.5,0.5,99.6,99.6,78,21.6,Balanced,PROJECT_MANAGEMENT_RESTRICTED_PERSONAL,True
2026-06,E045,Louise Carvalho,Cloud & Platform,DevOps Engineer,200.0,0.0,8.0,192.0,184.5,184.5,12.0,96.1,96.1,78,18.1,Balanced,PROJECT_MANAGEMENT_RESTRICTED_PERSONAL,True
2026-07,E045,Louise Carvalho,Cloud & Platform,DevOps Engineer,160.0,0.0,0.0,160.0,153.0,153.0,7.0,95.6,95.6,78,17.6,Balanced,PROJECT_MANAGEMENT_RESTRICTED_PERSONAL,True
2026-08,E045,Louise Carvalho,Cloud & Platform,DevOps Engineer,200.0,0.0,8.0,192.0,190.0,190.0,2.0,99.0,99.0,78,21.0,Balanced,PROJECT_MANAGEMENT_RESTRICTED_PERSONAL,True
2026-09,E045,Louise Carvalho,Cloud & Platform,DevOps Engineer,160.0,0.0,0.0,160.0,156.0,156.0,4.0,97.5,97.5,78,19.5,Balanced,PROJECT_MANAGEMENT_RESTRICTED_PERSONAL,True
2026-10,E045,Louise Carvalho,Cloud & Platform,DevOps Engineer,160.0,0.0,0.0,160.0,155.5,155.5,4.5,97.2,97.2,78,19.2,Balanced,PROJECT_MANAGEMENT_RESTRICTED_PERSONAL,True
2026-11,E045,Louise Carvalho,Cloud & Platform,DevOps Engineer,200.0,56.0,8.0,136.0,133.5,133.5,2.5,98.2,98.2,78,20.2,Balanced,PROJECT_MANAGEMENT_RESTRICTED_PERSONAL,True
2026-12,E045,Louise Carvalho,Cloud & Platform,DevOps Engineer,120.0,0.0,16.0,104.0,79.5,79.5,24.5,76.4,76.4,78,-1.6,Balanced,PROJECT_MANAGEMENT_RESTRICTED_PERSONAL,True
2026-01,E046,Alexandre Blanc,Cloud & Platform,Platform Engineer,160.0,0.0,8.0,152.0,135.5,135.5,16.5,89.1,89.1,78,11.1,Balanced,PROJECT_MANAGEMENT_RESTRICTED_PERSONAL,True
2026-02,E046,Alexandre Blanc,Cloud & Platform,Platform Engineer,160.0,0.0,0.0,160.0,157.5,157.5,2.5,98.4,98.4,78,20.4,Balanced,PROJECT_MANAGEMENT_RESTRICTED_PERSONAL,True
2026-03,E046,Alexandre Blanc,Cloud & Platform,Platform Engineer,200.0,32.0,0.0,168.0,166.5,166.5,1.5,99.1,99.1,78,21.1,Balanced,PROJECT_MANAGEMENT_RESTRICTED_PERSONAL,True
2026-04,E046,Alexandre Blanc,Cloud & Platform,Platform Engineer,160.0,0.0,8.0,152.0,151.0,151.0,1.0,99.3,99.3,78,21.3,Balanced,PROJECT_MANAGEMENT_RESTRICTED_PERSONAL,True
2026-05,E046,Alexandre Blanc,Cloud & Platform,Platform Engineer,160.0,16.0,16.0,128.0,126.5,126.5,0.0,98.8,98.8,78,20.8,Balanced,PROJECT_MANAGEMENT_RESTRICTED_PERSONAL,True
2026-06,E046,Alexandre Blanc,Cloud & Platform,Platform Engineer,200.0,0.0,8.0,192.0,185.5,185.5,5.0,96.6,96.6,78,18.6,Balanced,PROJECT_MANAGEMENT_RESTRICTED_PERSONAL,True
2026-07,E046,Alexandre Blanc,Cloud & Platform,Platform Engineer,160.0,0.0,0.0,160.0,158.5,158.5,1.5,99.1,99.1,78,21.1,Balanced,PROJECT_MANAGEMENT_RESTRICTED_PERSONAL,True
2026-08,E046,Alexandre Blanc,Cloud & Platform,Platform Engineer,200.0,40.0,8.0,152.0,150.0,150.0,2.0,98.7,98.7,78,20.7,Balanced,PROJECT_MANAGEMENT_RESTRICTED_PERSONAL,True
2026-09,E046,Alexandre Blanc,Cloud & Platform,Platform Engineer,160.0,0.0,0.0,160.0,128.5,128.5,23.5,80.3,80.3,78,2.3,Balanced,PROJECT_MANAGEMENT_RESTRICTED_PERSONAL,True
2026-10,E046,Alexandre Blanc,Cloud & Platform,Platform Engineer,160.0,16.0,0.0,144.0,71.5,71.5,74.5,49.7,49.7,78,-28.3,Underutilized,PROJECT_MANAGEMENT_RESTRICTED_PERSONAL,True
2026-11,E046,Alexandre Blanc,Cloud & Platform,Platform Engineer,200.0,16.0,8.0,176.0,87.5,87.5,88.5,49.7,49.7,78,-28.3,Underutilized,PROJECT_MANAGEMENT_RESTRICTED_PERSONAL,True
2026-12,E046,Alexandre Blanc,Cloud & Platform,Platform Engineer,120.0,0.0,16.0,104.0,40.5,40.5,63.5,38.9,38.9,78,-39.1,Underutilized,PROJECT_MANAGEMENT_RESTRICTED_PERSONAL,True
2026-01,E047,Mia Nowak,Cybersecurity,Security Architect,160.0,0.0,8.0,152.0,92.5,92.5,59.5,60.9,60.9,78,-17.1,Balanced,PROJECT_MANAGEMENT_RESTRICTED_PERSONAL,True
2026-02,E047,Mia Nowak,Cybersecurity,Security Architect,160.0,16.0,0.0,144.0,142.0,142.0,2.0,98.6,98.6,78,20.6,Balanced,PROJECT_MANAGEMENT_RESTRICTED_PERSONAL,True
2026-03,E047,Mia Nowak,Cybersecurity,Security Architect,200.0,0.0,0.0,200.0,196.5,196.5,8.5,98.2,98.2,78,20.2,Balanced,PROJECT_MANAGEMENT_RESTRICTED_PERSONAL,True
2026-04,E047,Mia Nowak,Cybersecurity,Security Architect,160.0,0.0,8.0,152.0,151.5,151.5,0.5,99.7,99.7,78,21.7,Balanced,PROJECT_MANAGEMENT_RESTRICTED_PERSONAL,True
2026-05,E047,Mia Nowak,Cybersecurity,Security Architect,160.0,0.0,16.0,144.0,143.5,143.5,0.5,99.7,99.7,78,21.7,Balanced,PROJECT_MANAGEMENT_RESTRICTED_PERSONAL,True
2026-06,E047,Mia Nowak,Cybersecurity,Security Architect,200.0,16.0,8.0,176.0,175.0,175.0,7.0,99.4,99.4,78,21.4,Balanced,PROJECT_MANAGEMENT_RESTRICTED_PERSONAL,True
2026-07,E047,Mia Nowak,Cybersecurity,Security Architect,160.0,24.0,0.0,136.0,132.0,132.0,4.0,97.1,97.1,78,19.1,Balanced,PROJECT_MANAGEMENT_RESTRICTED_PERSONAL,True
2026-08,E047,Mia Nowak,Cybersecurity,Security Architect,200.0,0.0,8.0,192.0,189.0,189.0,3.0,98.4,98.4,78,20.4,Balanced,PROJECT_MANAGEMENT_RESTRICTED_PERSONAL,True
2026-09,E047,Mia Nowak,Cybersecurity,Security Architect,160.0,16.0,0.0,144.0,138.0,138.0,4.0,95.8,95.8,78,17.8,Balanced,PROJECT_MANAGEMENT_RESTRICTED_PERSONAL,True
2026-10,E047,Mia Nowak,Cybersecurity,Security Architect,160.0,8.0,0.0,152.0,148.0,148.0,4.0,97.4,97.4,78,19.4,Balanced,PROJECT_MANAGEMENT_RESTRICTED_PERSONAL,True
2026-11,E047,Mia Nowak,Cybersecurity,Security Architect,200.0,40.0,8.0,152.0,105.5,105.5,42.5,69.4,69.4,78,-8.6,Balanced,PROJECT_MANAGEMENT_RESTRICTED_PERSONAL,True
2026-12,E047,Mia Nowak,Cybersecurity,Security Architect,120.0,0.0,16.0,104.0,39.0,39.0,65.0,37.5,37.5,78,-40.5,Underutilized,PROJECT_MANAGEMENT_RESTRICTED_PERSONAL,True
2026-01,E048,Raphaël Meyer,Cybersecurity,Security Engineer,160.0,0.0,8.0,152.0,57.5,57.5,94.5,37.8,37.8,78,-40.2,Underutilized,PROJECT_MANAGEMENT_RESTRICTED_PERSONAL,True
2026-02,E048,Raphaël Meyer,Cybersecurity,Security Engineer,160.0,0.0,0.0,160.0,160.0,160.0,4.0,100.0,100.0,78,22.0,Balanced,PROJECT_MANAGEMENT_RESTRICTED_PERSONAL,True
2026-03,E048,Raphaël Meyer,Cybersecurity,Security Engineer,200.0,0.0,0.0,200.0,197.5,197.5,2.5,98.8,98.8,78,20.8,Balanced,PROJECT_MANAGEMENT_RESTRICTED_PERSONAL,True
2026-04,E048,Raphaël Meyer,Cybersecurity,Security Engineer,160.0,64.0,8.0,88.0,86.0,86.0,2.0,97.7,97.7,78,19.7,Balanced,PROJECT_MANAGEMENT_RESTRICTED_PERSONAL,True
2026-05,E048,Raphaël Meyer,Cybersecurity,Security Engineer,160.0,16.0,16.0,128.0,123.5,123.5,4.5,96.5,96.5,78,18.5,Balanced,PROJECT_MANAGEMENT_RESTRICTED_PERSONAL,True
2026-06,E048,Raphaël Meyer,Cybersecurity,Security Engineer,200.0,0.0,8.0,192.0,191.0,191.0,1.0,99.5,99.5,78,21.5,Balanced,PROJECT_MANAGEMENT_RESTRICTED_PERSONAL,True
2026-07,E048,Raphaël Meyer,Cybersecurity,Security Engineer,160.0,16.0,0.0,144.0,138.5,138.5,5.5,96.2,96.2,78,18.2,Balanced,PROJECT_MANAGEMENT_RESTRICTED_PERSONAL,True
2026-08,E048,Raphaël Meyer,Cybersecurity,Security Engineer,200.0,8.0,8.0,184.0,180.5,180.5,3.5,98.1,98.1,78,20.1,Balanced,PROJECT_MANAGEMENT_RESTRICTED_PERSONAL,True
2026-09,E048,Raphaël Meyer,Cybersecurity,Security Engineer,160.0,16.0,0.0,144.0,143.5,143.5,7.5,99.7,99.7,78,21.7,Balanced,PROJECT_MANAGEMENT_RESTRICTED_PERSONAL,True
2026-10,E048,Raphaël Meyer,Cybersecurity,Security Engineer,160.0,0.0,0.0,160.0,158.5,158.5,2.0,99.1,99.1,78,21.1,Balanced,PROJECT_MANAGEMENT_RESTRICTED_PERSONAL,True
2026-11,E048,Raphaël Meyer,Cybersecurity,Security Engineer,200.0,0.0,8.0,192.0,133.5,133.5,58.5,69.5,69.5,78,-8.5,Balanced,PROJECT_MANAGEMENT_RESTRICTED_PERSONAL,True
2026-12,E048,Raphaël Meyer,Cybersecurity,Security Engineer,120.0,0.0,16.0,104.0,54.0,54.0,50.0,51.9,51.9,78,-26.1,Underutilized,PROJECT_MANAGEMENT_RESTRICTED_PERSONAL,True
2026-01,E049,Nora Aydin,Consulting,Senior Business Consultant,160.0,0.0,8.0,152.0,145.0,145.0,7.0,95.4,95.4,78,17.4,Balanced,PROJECT_MANAGEMENT_RESTRICTED_PERSONAL,True
2026-02,E049,Nora Aydin,Consulting,Senior Business Consultant,160.0,0.0,0.0,160.0,159.0,159.0,1.0,99.4,99.4,78,21.4,Balanced,PROJECT_MANAGEMENT_RESTRICTED_PERSONAL,True
2026-03,E049,Nora Aydin,Consulting,Senior Business Consultant,200.0,40.0,0.0,160.0,158.5,158.5,1.5,99.1,99.1,78,21.1,Balanced,PROJECT_MANAGEMENT_RESTRICTED_PERSONAL,True
2026-04,E049,Nora Aydin,Consulting,Senior Business Consultant,160.0,16.0,8.0,136.0,135.0,135.0,1.0,99.3,99.3,78,21.3,Balanced,PROJECT_MANAGEMENT_RESTRICTED_PERSONAL,True
2026-05,E049,Nora Aydin,Consulting,Senior Business Consultant,160.0,8.0,16.0,136.0,137.0,137.0,0.0,100.7,100.7,78,22.7,Balanced,PROJECT_MANAGEMENT_RESTRICTED_PERSONAL,True
2026-06,E049,Nora Aydin,Consulting,Senior Business Consultant,200.0,0.0,8.0,192.0,187.0,187.0,5.0,97.4,97.4,78,19.4,Balanced,PROJECT_MANAGEMENT_RESTRICTED_PERSONAL,True
2026-07,E049,Nora Aydin,Consulting,Senior Business Consultant,160.0,0.0,0.0,160.0,158.0,158.0,2.0,98.8,98.8,78,20.8,Balanced,PROJECT_MANAGEMENT_RESTRICTED_PERSONAL,True
2026-08,E049,Nora Aydin,Consulting,Senior Business Consultant,200.0,24.0,8.0,168.0,166.5,166.5,1.5,99.1,99.1,78,21.1,Balanced,PROJECT_MANAGEMENT_RESTRICTED_PERSONAL,True
2026-09,E049,Nora Aydin,Consulting,Senior Business Consultant,160.0,0.0,0.0,160.0,159.0,159.0,1.0,99.4,99.4,78,21.4,Balanced,PROJECT_MANAGEMENT_RESTRICTED_PERSONAL,True
2026-10,E049,Nora Aydin,Consulting,Senior Business Consultant,160.0,16.0,0.0,144.0,100.5,100.5,43.5,69.8,69.8,78,-8.2,Balanced,PROJECT_MANAGEMENT_RESTRICTED_PERSONAL,True
2026-11,E049,Nora Aydin,Consulting,Senior Business Consultant,200.0,0.0,8.0,192.0,126.5,126.5,65.5,65.9,65.9,78,-12.1,Balanced,PROJECT_MANAGEMENT_RESTRICTED_PERSONAL,True
2026-12,E049,Nora Aydin,Consulting,Senior Business Consultant,120.0,16.0,16.0,88.0,13.0,13.0,75.0,14.8,14.8,78,-63.2,Underutilized,PROJECT_MANAGEMENT_RESTRICTED_PERSONAL,True
2026-01,E050,Mathis Girard,Consulting,Business Consultant,160.0,0.0,8.0,152.0,105.5,105.5,46.5,69.4,69.4,78,-8.6,Balanced,PROJECT_MANAGEMENT_RESTRICTED_PERSONAL,True
2026-02,E050,Mathis Girard,Consulting,Business Consultant,160.0,0.0,0.0,160.0,113.5,113.5,46.5,70.9,70.9,78,-7.1,Balanced,PROJECT_MANAGEMENT_RESTRICTED_PERSONAL,True
2026-03,E050,Mathis Girard,Consulting,Business Consultant,200.0,16.0,0.0,184.0,131.0,131.0,53.0,71.2,71.2,78,-6.8,Balanced,PROJECT_MANAGEMENT_RESTRICTED_PERSONAL,True
2026-04,E050,Mathis Girard,Consulting,Business Consultant,160.0,16.0,8.0,136.0,134.0,134.0,2.0,98.5,98.5,78,20.5,Balanced,PROJECT_MANAGEMENT_RESTRICTED_PERSONAL,True
2026-05,E050,Mathis Girard,Consulting,Business Consultant,160.0,24.0,16.0,120.0,118.0,118.0,2.0,98.3,98.3,78,20.3,Balanced,PROJECT_MANAGEMENT_RESTRICTED_PERSONAL,True
2026-06,E050,Mathis Girard,Consulting,Business Consultant,200.0,0.0,8.0,192.0,185.0,185.0,7.0,96.4,96.4,78,18.4,Balanced,PROJECT_MANAGEMENT_RESTRICTED_PERSONAL,True
2026-07,E050,Mathis Girard,Consulting,Business Consultant,160.0,8.0,0.0,152.0,149.0,149.0,3.0,98.0,98.0,78,20.0,Balanced,PROJECT_MANAGEMENT_RESTRICTED_PERSONAL,True
2026-08,E050,Mathis Girard,Consulting,Business Consultant,200.0,0.0,8.0,192.0,190.5,190.5,1.5,99.2,99.2,78,21.2,Balanced,PROJECT_MANAGEMENT_RESTRICTED_PERSONAL,True
2026-09,E050,Mathis Girard,Consulting,Business Consultant,160.0,16.0,0.0,144.0,119.0,119.0,25.0,82.6,82.6,78,4.6,Balanced,PROJECT_MANAGEMENT_RESTRICTED_PERSONAL,True
2026-10,E050,Mathis Girard,Consulting,Business Consultant,160.0,0.0,0.0,160.0,49.0,49.0,111.0,30.6,30.6,78,-47.4,Underutilized,PROJECT_MANAGEMENT_RESTRICTED_PERSONAL,True
2026-11,E050,Mathis Girard,Consulting,Business Consultant,200.0,40.0,8.0,152.0,45.5,45.5,106.5,29.9,29.9,78,-48.1,Underutilized,PROJECT_MANAGEMENT_RESTRICTED_PERSONAL,True
2026-12,E050,Mathis Girard,Consulting,Business Consultant,120.0,0.0,16.0,104.0,24.5,24.5,79.5,23.6,23.6,78,-54.4,Underutilized,PROJECT_MANAGEMENT_RESTRICTED_PERSONAL,True
